[Licensing::Module] Trying to connect to existing licensing client channel...
Built from '6000.5/staging' branch; Version is '6000.5.7f1 (017862109af0) revision 96354'; Using compiler version '194234433'; Build Type 'Release'
OS: 'Windows 11  (10.0.26200) Professional' Language: 'en' Physical Memory: 15681 MB
[Licensing::IpcConnector] Successfully connected to: "LicenseClient-elli0" at "2026-08-09T21:20:59.4246548Z"
BatchMode: 1, IsHumanControllingUs: 0, StartBugReporterOnCrash: 0, Is64bit: 1
System  architecture: x64
Process architecture: x64
Date: 2026-08-09T21:20:59Z

COMMAND LINE ARGUMENTS:
C:\Program Files\Unity\Hub\Editor\6000.5.7f1\Editor\Unity.exe
-adb2
-batchMode
-noUpm
-name
AssetImportWorkerHW0
-projectPath
C:/Users/elli0/Documents/GitHub/Warboard
-logFile
Logs/AssetImportWorkerHW0.log
-srvPort
49795
-parentPid
1512
-analyticsCloudUserId
anonymous
-analyticsLocalProjectId
c906cf14c5cdf1c4c98a018ddbb3d1d4
-editorAnalyticsEnabled
1
-cbmEditorLicense
b7554ef441d2256055a9bf018eca10ed8b75e9f3
-cbmMachineId
JOUP1U45KtUV8sm1s/K3HmNb45Q=
-licensingIpc
LicenseClient-elli0
-noDiagnosticSwitchPersistentStore
-job-worker-count
5
-background-job-worker-count
8
-asset-garbage-collectors
1
-force-d3d12
-name
AssetImport
Successfully changed project path to: C:/Users/elli0/Documents/GitHub/Warboard
C:/Users/elli0/Documents/GitHub/Warboard
[UnityMemory] Configuration Parameters - Can be set up in boot.config
    "memorysetup-temp-allocator-size-gi-baking-worker=262144"
    "memorysetup-temp-allocator-size-gi-baking-worker=262144"
    "memorysetup-temp-allocator-size-gi-baking-worker=262144"
    "memorysetup-temp-allocator-size-gi-baking-worker=262144"
    "memorysetup-temp-allocator-size-gi-baking-worker=262144"
    "memorysetup-temp-allocator-size-nav-mesh-worker=65536"
    "memorysetup-temp-allocator-size-audio-worker=65536"
    "memorysetup-temp-allocator-size-cloud-worker=32768"
    "memorysetup-temp-allocator-size-gfx=262144"
    "memorysetup-temp-allocator-size-preload-manager=33554432"
    "memorysetup-allocator-temp-initial-block-size-main=262144"
    "memorysetup-allocator-temp-initial-block-size-worker=262144"
    "memorysetup-temp-allocator-size-job-worker=262144"
    "memorysetup-temp-allocator-size-background-worker=32768"
    "memorysetup-bucket-allocator-granularity=16"
    "memorysetup-bucket-allocator-bucket-count=8"
    "memorysetup-bucket-allocator-block-size=33554432"
    "memorysetup-bucket-allocator-block-count=8"
    "memorysetup-main-allocator-block-size=16777216"
    "memorysetup-thread-allocator-block-size=16777216"
    "memorysetup-main-allocator-mimalloc-enabled=0"
    "memorysetup-gfx-main-allocator-block-size=16777216"
    "memorysetup-gfx-thread-allocator-block-size=16777216"
    "memorysetup-cache-allocator-block-size=4194304"
    "memorysetup-typetree-allocator-block-size=2097152"
    "memorysetup-profiler-bucket-allocator-granularity=16"
    "memorysetup-profiler-bucket-allocator-bucket-count=8"
    "memorysetup-profiler-bucket-allocator-block-size=33554432"
    "memorysetup-profiler-bucket-allocator-block-count=8"
    "memorysetup-profiler-allocator-block-size=16777216"
    "memorysetup-profiler-editor-allocator-block-size=1048576"
    "memorysetup-temp-allocator-size-main=16777216"
    "memorysetup-job-temp-allocator-block-size=2097152"
    "memorysetup-job-temp-allocator-block-size-background=1048576"
    "memorysetup-job-temp-allocator-reduction-small-platforms=262144"
Player connection [15452]  Target information:

Player connection [15452]  * "[IP] 192.168.1.228 [Port] 0 [Flags] 2 [Guid] 4128300400 [EditorId] 4128300400 [Version] 1048832 [Id] WindowsEditor(7,Elliot_Laptop) [Debug] 1 [PackageName] WindowsEditor [ProjectName] Editor" 

Player connection [15452] Host joined multi-casting on [225.0.0.222:54997]...
Player connection [15452] Host joined alternative multi-casting on [225.0.0.222:34997]...
JobSystem: Creating JobQueue using job-worker-count value 5
Input System module state changed to: Initialized.
[Physics::Module] Initialized fallback backend.
[Physics::Module] Id: 0xdecafbad
Library Redirect Path: Library/
[Physics::Module] Selected backend.
[Physics::Module] Name: PhysX
[Physics::Module] Id: 0xf2b8ea05
[Physics::Module] SDK Version: 4.1.2
[Physics::Module] Integration Version: 1.0.0
[Physics::Module] Threading Mode: Multi-Threaded
Initialize engine version: 6000.5.7f1 (017862109af0)
[Subsystems] Discovering subsystems at path C:/Program Files/Unity/Hub/Editor/6000.5.7f1/Editor/Data/Resources/UnitySubsystems
[Subsystems] Discovering subsystems at path C:/Users/elli0/Documents/GitHub/Warboard/Assets
Forcing GfxDevice: Direct3D 12
GfxDevice: creating device client; kGfxThreadingModeNonThreaded
d3d12: failed to query info queue interface (0x80004002).
Direct3D:
    Version:         Direct3D 12 [level 12.1]
    Renderer:        AMD Radeon (TM) Graphics (ID=0x15e7)
    Vendor:          ATI
    VRAM:            7840 MB
    App VRAM Budget: 7663 MB
    Driver:          31.0.21923.3003
    Unified Memory Architecture
Initialize mono
Mono path[0] = 'C:/Program Files/Unity/Hub/Editor/6000.5.7f1/Editor/Data/Managed'
Mono path[1] = 'C:/Program Files/Unity/Hub/Editor/6000.5.7f1/Editor/Data/BCLExtensions/runtime/netstandard2.1'
Mono path[2] = 'C:/Program Files/Unity/Hub/Editor/6000.5.7f1/Editor/Data/MonoBleedingEdge/lib/mono/unityjit-win32'
Mono config path = 'C:/Program Files/Unity/Hub/Editor/6000.5.7f1/Editor/Data/MonoBleedingEdge/etc'
Using monoOptions --debugger-agent=transport=dt_socket,embedding=1,server=y,suspend=n,address=127.0.0.1:56824
CodeReloadManager initialized
Begin MonoManager ReloadAssembly
Registering precompiled unity dll's ...
Register platform support module: C:/Program Files/Unity/Hub/Editor/6000.5.7f1/Editor/Data/PlaybackEngines/WebGLSupport/UnityEditor.WebGL.Extensions.dll
Register platform support module: C:/Program Files/Unity/Hub/Editor/6000.5.7f1/Editor/Data/PlaybackEngines/WindowsStandaloneSupport/UnityEditor.WindowsStandalone.Extensions.dll
Registered in 0.003136 seconds.
Native extension for WindowsStandalone target not found
Native extension for WebGL target not found
[Licensing::Client] Error: HandshakeResponse reported an error:
	ResponseCode: 505
	ResponseStatus: Unsupported protocol version '1.18.1'.
[Licensing::Module] Error: Failed to handshake to channel: "LicenseClient-elli0"
[Licensing::IpcConnector] LicenseClient-elli0 channel disconnected successfully.
[Licensing::IpcConnector] Successfully connected to: "LicenseClient-elli0-6000.5.7" at "2026-08-09T21:21:01.0018406Z"
[Licensing::Client] Code 10 while verifying Licensing Client signature (process Id: 34068, path: "C:/Program Files/Unity/Hub/Editor/6000.5.7f1/Editor/Data/Resources/Licensing/Client/Unity.Licensing.Client.exe")
[Licensing::Module] LicensingClient has failed validation; ignoring
[Licensing::Client] Handshaking with LicensingClient:
  Version:                 1.18.1+9fbee8e
  Session Id:              458090ff48f94ab4ab4e78626840b245
  Correlation Id:          400e94b91362e91e78714a9be1222d2a
  External correlation Id: 8109428089231696472
  Machine Id:              JOUP1U45KtUV8sm1s/K3HmNb45Q=
[Licensing::Module] Successfully connected to LicensingClient on channel: "LicenseClient-elli0-6000.5.7" (connect: 0.00s, validation: 0.00s, handshake: 0.01s)
[Licensing::IpcConnector] Successfully connected to: "LicenseClient-elli0-6000.5.7-notifications" at "2026-08-09T21:21:01.0121192Z"
[Licensing::Module] Licensing Background thread has ended after 1.59s
Package Manager log level set to [2]
[Package Manager] Failed to launch server process. Reason: Unity was launched with the -noUpm command-line argument
[Package Manager] Unable to send message (not connected to server process).
[Package Manager] Cannot connect to Unity Package Manager local server
ScheduleIndexationOnStartup MainProcess:False IndexOnStartup:True
Mono: successfully reloaded assembly
- Finished resetting the current domain, in  0.499 seconds
Domain Reload Profiling: 1323ms
	BeginReloadAssembly (191ms)
	RebuildCommonClasses (10ms)
	RebuildNativeTypeToScriptingClass (22ms)
	initialDomainReloadingComplete (103ms)
	LoadAllAssembliesAndSetupDomain (496ms)
		LoadAssemblies (187ms)
		AnalyzeDomain (359ms)
			TypeCache.Refresh (355ms)
				TypeCache.ScanAssembly (325ms)
	FinalizeReload (502ms)
		SetupLoadedEditorAssemblies (0ms)
			InitializePlatformSupportModulesInManaged (3ms)
			BeforeProcessingInitializeOnLoad (130ms)
			ProcessInitializeOnLoadAttributes (122ms)
			ProcessInitializeOnLoadMethodAttributes (154ms)
Initializing Unity extensions:
[Licensing::Client] Successfully resolved entitlement details
[Licensing::Module] License group:
  Id: 5774099461094-UnityPersXXXX
  Product: Unity Personal
  Type: Assigned
  Expiration: Unlimited
========================================================================
Worker process is ready to serve import requests
Import Worker Mode flag is 0x00
Begin MonoManager ReloadAssembly
Native extension for WindowsStandalone target not found
Native extension for WebGL target not found
[Package Manager] Failed to launch server process. Reason: Unity was launched with the -noUpm command-line argument
[Package Manager] Unable to send message (not connected to server process).
[Package Manager] Cannot connect to Unity Package Manager local server
ScheduleIndexationOnStartup MainProcess:False IndexOnStartup:True
Mono: successfully reloaded assembly
- Finished resetting the current domain, in  0.514 seconds
Domain Reload Profiling: 978ms
	BeginReloadAssembly (264ms)
		DisableScriptedObjects (12ms)
		CreateAndSetChildDomain (39ms)
	RebuildCommonClasses (10ms)
	RebuildNativeTypeToScriptingClass (19ms)
	initialDomainReloadingComplete (52ms)
	LoadAllAssembliesAndSetupDomain (117ms)
		LoadAssemblies (139ms)
		AnalyzeDomain (14ms)
			TypeCache.Refresh (8ms)
				TypeCache.ScanAssembly (3ms)
			BuildScriptInfoCaches (3ms)
	FinalizeReload (516ms)
		SetupLoadedEditorAssemblies (0ms)
			InitializePlatformSupportModulesInManaged (3ms)
			BeforeProcessingInitializeOnLoad (117ms)
			ProcessInitializeOnLoadAttributes (101ms)
			ProcessInitializeOnLoadMethodAttributes (93ms)
			AfterProcessingInitializeOnLoad (7ms)
		AwakeInstancesAfterBackupRestoration (5ms)
AcceleratorClientConnectionCallback - disconnected - :0
Launched and connected shader compiler UnityShaderCompiler.exe after 0.02 seconds
Unloading 0 Unused Serialized files (Serialized files now loaded: 0)
Curl error 3: URL rejected: Malformed input to a URL function
Unloading 71 unused Assets / (30.1 KB). Loaded Objects now: 681.
Memory consumption went from 158.1 MB to 158.1 MB.
Total: 5.254400 ms (FindLiveObjects: 0.061800 ms CreateObjectMapping: 0.020800 ms MarkObjects: 5.040400 ms  DeleteObjects: 0.128700 ms)

========================================================================
Received Import Request.
  Time of request: 2026-08-09T21:21:02.7157679Z
  Time since last request: 209161.27881139999954 seconds.
  importAddress: GUID: c92f8304365a8b647bbb421253feee30 - Path: Assets/Resources/Armies/Models/Custodes/ModelPool/httpssteamusercontentaakamaihdnetugc1894353498566968474D7610B52FE5A7E4964186F05CF7B40E7AE91E8C4.obj - Importer: ScriptedImporter/UnityEditor.QuickSearchModule:UnityEditor.Search:ASIAI0B
Importing 'GUID: c92f8304365a8b647bbb421253feee30 - Path: Assets/Resources/Armies/Models/Custodes/ModelPool/httpssteamusercontentaakamaihdnetugc1894353498566968474D7610B52FE5A7E4964186F05CF7B40E7AE91E8C4.obj - Importer: ScriptedImporter/UnityEditor.QuickSearchModule:UnityEditor.Search:ASIAI0B' with importer (ScriptedImporter : UnityEditor.QuickSearchModule:UnityEditor.Search:ASIAI0B)
Imported 'GUID: c92f8304365a8b647bbb421253feee30' -> (Import Result ID: '7f4055e8eafd05f945ef7e6a548973fb') in 0.248 seconds [static and dynamic dependencies]. Details - ImportResultOutputID=687815ee4d487112116d34a00170fba2 DependenciesID=76a2cc1cd8d38c299bdacdfda69bc25f StaticDependenciesID=b2f4ea9e5b1e4329d8ac542117003717 
Number of updated asset objects reloaded before import = 0
Number of asset objects unloaded after import = 10
========================================================================
Received Import Request.
  Time of request: 2026-08-09T21:21:02.993694Z
  Time since last request: 0.0275066 seconds.
  importAddress: GUID: 1360d38511a6b1e44ac3a48600eb189b - Path: Assets/Resources/Armies/Models/Custodes/TexturePool/httpssteamusercontentaakamaihdnetugc1821147036166902000997EE64E11D03D8D8B979AB1BB91C59EED0FCC39.jpg - Importer: ScriptedImporter/UnityEditor.QuickSearchModule:UnityEditor.Search:ASIAI0B
Importing 'GUID: 1360d38511a6b1e44ac3a48600eb189b - Path: Assets/Resources/Armies/Models/Custodes/TexturePool/httpssteamusercontentaakamaihdnetugc1821147036166902000997EE64E11D03D8D8B979AB1BB91C59EED0FCC39.jpg - Importer: ScriptedImporter/UnityEditor.QuickSearchModule:UnityEditor.Search:ASIAI0B' with importer (ScriptedImporter : UnityEditor.QuickSearchModule:UnityEditor.Search:ASIAI0B)
Imported 'GUID: 1360d38511a6b1e44ac3a48600eb189b' -> (Import Result ID: 'f34513eea5e08951f4a7417a5df00258') in 0.068 seconds [static and dynamic dependencies]. Details - ImportResultOutputID=dc08291fbe1cea820753b01879d7c905 DependenciesID=607110ddc6329198a3ba009ec6ed3feb StaticDependenciesID=552dbdf658304a25335d900062154281 
Number of updated asset objects reloaded before import = 0
Number of asset objects unloaded after import = 1
========================================================================
Received Import Request.
  Time of request: 2026-08-09T21:21:03.0623664Z
  Time since last request: 0.0006222 seconds.
  importAddress: GUID: 68b0483fcce999f41bcf3b216ad1a904 - Path: Assets/Resources/Armies/Models/Custodes/ModelPool/httpssteamusercontentaakamaihdnetugc10789802620717997EE642C580C4E38BB65B24194086DBBE2EE729969.obj - Importer: ScriptedImporter/UnityEditor.QuickSearchModule:UnityEditor.Search:ASIAI0B
Importing 'GUID: 68b0483fcce999f41bcf3b216ad1a904 - Path: Assets/Resources/Armies/Models/Custodes/ModelPool/httpssteamusercontentaakamaihdnetugc10789802620717997EE642C580C4E38BB65B24194086DBBE2EE729969.obj - Importer: ScriptedImporter/UnityEditor.QuickSearchModule:UnityEditor.Search:ASIAI0B' with importer (ScriptedImporter : UnityEditor.QuickSearchModule:UnityEditor.Search:ASIAI0B)
Imported 'GUID: 68b0483fcce999f41bcf3b216ad1a904' -> (Import Result ID: 'acc3780455730791486b50aa602c6020') in 0.017 seconds [static and dynamic dependencies]. Details - ImportResultOutputID=f2f740274cc9e4f53cd0a481c3318d6d DependenciesID=227ab6ad14bc1bd7af07ea4368d8f935 StaticDependenciesID=a44cf4af2c39708ced2bfd5e14d3eb49 
Number of updated asset objects reloaded before import = 0
Number of asset objects unloaded after import = 10
========================================================================
Received Import Request.
  Time of request: 2026-08-09T21:21:03.0809446Z
  Time since last request: 0.0000606 seconds.
  importAddress: GUID: e2da0c709fc80f045a9181bd23463bbe - Path: Assets/Resources/Armies/Models/Custodes/ModelPool/httpssteamusercontentaakamaihdnetugc178173112572013706015E198596FB0F4B0C6D2C172C44044836C967586.obj - Importer: ScriptedImporter/UnityEditor.QuickSearchModule:UnityEditor.Search:ASIAI0B
Importing 'GUID: e2da0c709fc80f045a9181bd23463bbe - Path: Assets/Resources/Armies/Models/Custodes/ModelPool/httpssteamusercontentaakamaihdnetugc178173112572013706015E198596FB0F4B0C6D2C172C44044836C967586.obj - Importer: ScriptedImporter/UnityEditor.QuickSearchModule:UnityEditor.Search:ASIAI0B' with importer (ScriptedImporter : UnityEditor.QuickSearchModule:UnityEditor.Search:ASIAI0B)
Imported 'GUID: e2da0c709fc80f045a9181bd23463bbe' -> (Import Result ID: '2f90e2eba26daaffc3c39519f104efb6') in 0.022 seconds [static and dynamic dependencies]. Details - ImportResultOutputID=db5e01ce845274a246c9d70bb296899f DependenciesID=f223f934297f43a85c9f1d7e0275b95a StaticDependenciesID=268eef6d0df39c84ee043c77e1f14fa3 
Number of updated asset objects reloaded before import = 0
Number of asset objects unloaded after import = 10
========================================================================
Received Import Request.
  Time of request: 2026-08-09T21:21:03.1037346Z
  Time since last request: 0.0005086 seconds.
  importAddress: GUID: 70432c46f6154304aa9e47ca8127f820 - Path: Assets/Resources/Armies/Models/Custodes/ModelIndex.json - Importer: ScriptedImporter/UnityEditor.QuickSearchModule:UnityEditor.Search:ASIAI0B
Importing 'GUID: 70432c46f6154304aa9e47ca8127f820 - Path: Assets/Resources/Armies/Models/Custodes/ModelIndex.json - Importer: ScriptedImporter/UnityEditor.QuickSearchModule:UnityEditor.Search:ASIAI0B' with importer (ScriptedImporter : UnityEditor.QuickSearchModule:UnityEditor.Search:ASIAI0B)
Imported 'GUID: 70432c46f6154304aa9e47ca8127f820' -> (Import Result ID: '42117e66589a0c5a39ec8c4716f4fa3d') in 0.007 seconds [static and dynamic dependencies]. Details - ImportResultOutputID=ad4ef3d7bf98918308010413497e8a4d DependenciesID=b48f0e75b10662e63489200bfc33d63e StaticDependenciesID=971ee01de1c708666e02973d0ff15c8b 
Number of updated asset objects reloaded before import = 0
Number of asset objects unloaded after import = 1
========================================================================
Received Import Request.
  Time of request: 2026-08-09T21:21:03.1118809Z
  Time since last request: 0.0006964 seconds.
  importAddress: GUID: 4888b8f0293bf4140ba67ed91ceb00b5 - Path: Assets/Resources/Armies/Models/Custodes/ModelPool/httpssteamusercontentaakamaihdnetugc2010349443497870899BE6ED9BA3AFC6440D49F52E8287984ED197D1CCC.obj - Importer: ScriptedImporter/UnityEditor.QuickSearchModule:UnityEditor.Search:ASIAI0B
Importing 'GUID: 4888b8f0293bf4140ba67ed91ceb00b5 - Path: Assets/Resources/Armies/Models/Custodes/ModelPool/httpssteamusercontentaakamaihdnetugc2010349443497870899BE6ED9BA3AFC6440D49F52E8287984ED197D1CCC.obj - Importer: ScriptedImporter/UnityEditor.QuickSearchModule:UnityEditor.Search:ASIAI0B' with importer (ScriptedImporter : UnityEditor.QuickSearchModule:UnityEditor.Search:ASIAI0B)
Imported 'GUID: 4888b8f0293bf4140ba67ed91ceb00b5' -> (Import Result ID: '86c5e8ec313df93b6567b821be4ad23b') in 0.021 seconds [static and dynamic dependencies]. Details - ImportResultOutputID=403fbc5b43c1ca04fa1fc840da7c879e DependenciesID=58340c238072d5870099092949d3788a StaticDependenciesID=1d582bf300dc08ff768ea08f71068a13 
Number of updated asset objects reloaded before import = 0
Number of asset objects unloaded after import = 10
========================================================================
Received Import Request.
  Time of request: 2026-08-09T21:21:03.1339906Z
  Time since last request: 0.0004073 seconds.
  importAddress: GUID: b2236fda5f1ff7e4b9ecd2b56b38bb0b - Path: Assets/Resources/Armies/Models/Custodes/ModelPool/httpssteamusercontentaakamaihdnetugc3105672570961972635CC8EBC938149950DF02B275C91EF3BCE34A297.obj - Importer: ScriptedImporter/UnityEditor.QuickSearchModule:UnityEditor.Search:ASIAI0B
Importing 'GUID: b2236fda5f1ff7e4b9ecd2b56b38bb0b - Path: Assets/Resources/Armies/Models/Custodes/ModelPool/httpssteamusercontentaakamaihdnetugc3105672570961972635CC8EBC938149950DF02B275C91EF3BCE34A297.obj - Importer: ScriptedImporter/UnityEditor.QuickSearchModule:UnityEditor.Search:ASIAI0B' with importer (ScriptedImporter : UnityEditor.QuickSearchModule:UnityEditor.Search:ASIAI0B)
Imported 'GUID: b2236fda5f1ff7e4b9ecd2b56b38bb0b' -> (Import Result ID: '7fdb4f1325e22e34ca1c7fd99cc605a7') in 0.020 seconds [static and dynamic dependencies]. Details - ImportResultOutputID=71ca82a178c35b2359037063771fceaf DependenciesID=9e1088ea72e15c63e42f46eb09c9410b StaticDependenciesID=86d690e6bd861208b3283523611d5293 
Number of updated asset objects reloaded before import = 0
Number of asset objects unloaded after import = 10
========================================================================
Received Import Request.
  Time of request: 2026-08-09T21:21:03.1547786Z
  Time since last request: 0.0004349 seconds.
  importAddress: GUID: 818118c13bb80454db3084f75e62566c - Path: Assets/Resources/Armies/Models/Custodes/TexturePool/httpssteamusercontentaakamaihdnetugc155871891669372221183F269D26632B4B656D314DD15E00E90843CB9745.jpg - Importer: ScriptedImporter/UnityEditor.QuickSearchModule:UnityEditor.Search:ASIAI0B
Importing 'GUID: 818118c13bb80454db3084f75e62566c - Path: Assets/Resources/Armies/Models/Custodes/TexturePool/httpssteamusercontentaakamaihdnetugc155871891669372221183F269D26632B4B656D314DD15E00E90843CB9745.jpg - Importer: ScriptedImporter/UnityEditor.QuickSearchModule:UnityEditor.Search:ASIAI0B' with importer (ScriptedImporter : UnityEditor.QuickSearchModule:UnityEditor.Search:ASIAI0B)
Imported 'GUID: 818118c13bb80454db3084f75e62566c' -> (Import Result ID: 'f2291652fc339f074d2a282550440944') in 0.017 seconds [static and dynamic dependencies]. Details - ImportResultOutputID=863de24aed7b232351faef564c574a2c DependenciesID=385882b532dc411d1d071803be166c10 StaticDependenciesID=54d3d9373de64a3a472a069a681cd34a 
Number of updated asset objects reloaded before import = 0
Number of asset objects unloaded after import = 1
========================================================================
Received Import Request.
  Time of request: 2026-08-09T21:21:03.1729126Z
  Time since last request: 0.0007937 seconds.
  importAddress: GUID: cc57cc708e23e7a40869a536a3c62448 - Path: Assets/Resources/Armies/Models/Custodes/TexturePool/httpssteamusercontentaakamaihdnetugc10801543461324502FCCA79E97B28E8DD328E1D6B214A615F24978AEF.jpg - Importer: ScriptedImporter/UnityEditor.QuickSearchModule:UnityEditor.Search:ASIAI0B
Importing 'GUID: cc57cc708e23e7a40869a536a3c62448 - Path: Assets/Resources/Armies/Models/Custodes/TexturePool/httpssteamusercontentaakamaihdnetugc10801543461324502FCCA79E97B28E8DD328E1D6B214A615F24978AEF.jpg - Importer: ScriptedImporter/UnityEditor.QuickSearchModule:UnityEditor.Search:ASIAI0B' with importer (ScriptedImporter : UnityEditor.QuickSearchModule:UnityEditor.Search:ASIAI0B)
Imported 'GUID: cc57cc708e23e7a40869a536a3c62448' -> (Import Result ID: 'b4540fbe9345a7f9b99884edc5a7fdc4') in 0.019 seconds [static and dynamic dependencies]. Details - ImportResultOutputID=6acd4eb134933f5180fcf4e6e63a21a6 DependenciesID=109b4914474ce779d5f7d172bcc1da57 StaticDependenciesID=cea9670ef0c18ad2f635fb0f9bb565a0 
Number of updated asset objects reloaded before import = 0
Number of asset objects unloaded after import = 1
========================================================================
Received Import Request.
  Time of request: 2026-08-09T21:21:03.1927926Z
  Time since last request: 0.0009335 seconds.
  importAddress: GUID: b97c56eb4a6ff4047a8be6589197784c - Path: Assets/Resources/Armies/Models/Custodes/TexturePool/httpssteamusercontentaakamaihdnetugc3107058347301820584C58581FD1A9A204717DD63C36681D0F39E0921.jpg - Importer: ScriptedImporter/UnityEditor.QuickSearchModule:UnityEditor.Search:ASIAI0B
Importing 'GUID: b97c56eb4a6ff4047a8be6589197784c - Path: Assets/Resources/Armies/Models/Custodes/TexturePool/httpssteamusercontentaakamaihdnetugc3107058347301820584C58581FD1A9A204717DD63C36681D0F39E0921.jpg - Importer: ScriptedImporter/UnityEditor.QuickSearchModule:UnityEditor.Search:ASIAI0B' with importer (ScriptedImporter : UnityEditor.QuickSearchModule:UnityEditor.Search:ASIAI0B)
Imported 'GUID: b97c56eb4a6ff4047a8be6589197784c' -> (Import Result ID: '38fcca0cb371c355d4777f3c2e822609') in 0.023 seconds [static and dynamic dependencies]. Details - ImportResultOutputID=748928c26918d8d6c4b99724ec773d26 DependenciesID=7eca37077d30e7bd488b491eedf297f0 StaticDependenciesID=91d27d317229ebbf17a2601c5417bdf2 
Number of updated asset objects reloaded before import = 0
Number of asset objects unloaded after import = 1
========================================================================
Received Import Request.
  Time of request: 2026-08-09T21:21:03.2168599Z
  Time since last request: 0.0005668 seconds.
  importAddress: GUID: b0a09d59e50fa1b47b05a77e2342ec13 - Path: Assets/Resources/Armies/Models/Custodes/ModelPool/httpssteamusercontentaakamaihdnetugc1305431056814431114C4A5E238EB3C19A53FA35585A0A5A3CB98485A73.obj - Importer: ScriptedImporter/UnityEditor.QuickSearchModule:UnityEditor.Search:ASIAI0B
Importing 'GUID: b0a09d59e50fa1b47b05a77e2342ec13 - Path: Assets/Resources/Armies/Models/Custodes/ModelPool/httpssteamusercontentaakamaihdnetugc1305431056814431114C4A5E238EB3C19A53FA35585A0A5A3CB98485A73.obj - Importer: ScriptedImporter/UnityEditor.QuickSearchModule:UnityEditor.Search:ASIAI0B' with importer (ScriptedImporter : UnityEditor.QuickSearchModule:UnityEditor.Search:ASIAI0B)
Imported 'GUID: b0a09d59e50fa1b47b05a77e2342ec13' -> (Import Result ID: '30cc6975377130b98264d4cfb8ee8819') in 0.020 seconds [static and dynamic dependencies]. Details - ImportResultOutputID=7bbbc120ed62d3fc534f7b0e101a3c56 DependenciesID=246db1d72b96cef60fcfc2bcef89a81a StaticDependenciesID=424f9112894fe55ae22af271baf9684e 
Number of updated asset objects reloaded before import = 0
Number of asset objects unloaded after import = 10
========================================================================
Received Import Request.
  Time of request: 2026-08-09T21:21:03.237641Z
  Time since last request: 0.0005676 seconds.
  importAddress: GUID: da3e897735087d94aa0ecfaa4bfc0ef3 - Path: Assets/Resources/Armies/Models/Custodes/ModelPool/httpssteamusercontentaakamaihdnetugc12341415840940575925BBF25E4003A35502C546F2350E0F3D7C0181CBA6.obj - Importer: ScriptedImporter/UnityEditor.QuickSearchModule:UnityEditor.Search:ASIAI0B
Importing 'GUID: da3e897735087d94aa0ecfaa4bfc0ef3 - Path: Assets/Resources/Armies/Models/Custodes/ModelPool/httpssteamusercontentaakamaihdnetugc12341415840940575925BBF25E4003A35502C546F2350E0F3D7C0181CBA6.obj - Importer: ScriptedImporter/UnityEditor.QuickSearchModule:UnityEditor.Search:ASIAI0B' with importer (ScriptedImporter : UnityEditor.QuickSearchModule:UnityEditor.Search:ASIAI0B)
Imported 'GUID: da3e897735087d94aa0ecfaa4bfc0ef3' -> (Import Result ID: '2b6ead686f2c8d2c6c2d8a8347c9b6c4') in 0.016 seconds [static and dynamic dependencies]. Details - ImportResultOutputID=951892c5c5a5adc9c3d9d64b1695e995 DependenciesID=417c32b7beb5aad6ab3f945632e0bac0 StaticDependenciesID=41f5c864657d1d6c10f33ac70a888ea7 
Number of updated asset objects reloaded before import = 0
Number of asset objects unloaded after import = 10
========================================================================
Received Import Request.
  Time of request: 2026-08-09T21:21:03.2550246Z
  Time since last request: 0.0012274 seconds.
  importAddress: GUID: 9022a81b96f14c64596c0963cdd094f7 - Path: Assets/Resources/Armies/Models/Custodes/TexturePool/httpssteamusercontentaakamaihdnetugc14565709098843504768AE1B7F7709F7C91438FBBCC29A43DC8EF7C6202E.jpg - Importer: ScriptedImporter/UnityEditor.QuickSearchModule:UnityEditor.Search:ASIAI0B
Importing 'GUID: 9022a81b96f14c64596c0963cdd094f7 - Path: Assets/Resources/Armies/Models/Custodes/TexturePool/httpssteamusercontentaakamaihdnetugc14565709098843504768AE1B7F7709F7C91438FBBCC29A43DC8EF7C6202E.jpg - Importer: ScriptedImporter/UnityEditor.QuickSearchModule:UnityEditor.Search:ASIAI0B' with importer (ScriptedImporter : UnityEditor.QuickSearchModule:UnityEditor.Search:ASIAI0B)
Imported 'GUID: 9022a81b96f14c64596c0963cdd094f7' -> (Import Result ID: '4496cf26ccf3cf67e1340f8ac02ae52b') in 0.019 seconds [static and dynamic dependencies]. Details - ImportResultOutputID=2a9d63fd43b8020898a9e83f25d5ac45 DependenciesID=ca0583cfe6071d6da1195bc07145c067 StaticDependenciesID=b3bebbfa63b366065e100954d6d68a7e 
Number of updated asset objects reloaded before import = 0
Number of asset objects unloaded after import = 1
========================================================================
Received Import Request.
  Time of request: 2026-08-09T21:21:03.2751958Z
  Time since last request: 0.0007403 seconds.
  importAddress: GUID: 1b084ac1b463a45468a62829e4d71068 - Path: Assets/Resources/Armies/Models/Custodes/TexturePool/httpssteamusercontentaakamaihdnetugc1424736400201757855487D42BCF6593E12F2661221AF1F8E3A312161AB1.jpg - Importer: ScriptedImporter/UnityEditor.QuickSearchModule:UnityEditor.Search:ASIAI0B
Importing 'GUID: 1b084ac1b463a45468a62829e4d71068 - Path: Assets/Resources/Armies/Models/Custodes/TexturePool/httpssteamusercontentaakamaihdnetugc1424736400201757855487D42BCF6593E12F2661221AF1F8E3A312161AB1.jpg - Importer: ScriptedImporter/UnityEditor.QuickSearchModule:UnityEditor.Search:ASIAI0B' with importer (ScriptedImporter : UnityEditor.QuickSearchModule:UnityEditor.Search:ASIAI0B)
Imported 'GUID: 1b084ac1b463a45468a62829e4d71068' -> (Import Result ID: '15b5a320261ad6c540af067a5fa23acd') in 0.018 seconds [static and dynamic dependencies]. Details - ImportResultOutputID=e5734ea334f7657765b4e74076d462c9 DependenciesID=5290dcdd678f7db177096deaf9a585f3 StaticDependenciesID=830ee4a754098782dc4b6aa334d1d2a3 
Number of updated asset objects reloaded before import = 0
Number of asset objects unloaded after import = 1
========================================================================
Received Import Request.
  Time of request: 2026-08-09T21:21:03.294661Z
  Time since last request: 0.0013153 seconds.
  importAddress: GUID: 5e740a9251b9e9e499cb0b642372e165 - Path: Assets/Resources/Armies/Models/Custodes/TexturePool/httpssteamusercontentaakamaihdnetugc9529663569249853499427F863D4449A719CD173A5A72D2FD2FF4327D6.jpg - Importer: ScriptedImporter/UnityEditor.QuickSearchModule:UnityEditor.Search:ASIAI0B
Importing 'GUID: 5e740a9251b9e9e499cb0b642372e165 - Path: Assets/Resources/Armies/Models/Custodes/TexturePool/httpssteamusercontentaakamaihdnetugc9529663569249853499427F863D4449A719CD173A5A72D2FD2FF4327D6.jpg - Importer: ScriptedImporter/UnityEditor.QuickSearchModule:UnityEditor.Search:ASIAI0B' with importer (ScriptedImporter : UnityEditor.QuickSearchModule:UnityEditor.Search:ASIAI0B)
Imported 'GUID: 5e740a9251b9e9e499cb0b642372e165' -> (Import Result ID: 'ddabbbee8cc9c07fa7bbae7d3f5175da') in 0.017 seconds [static and dynamic dependencies]. Details - ImportResultOutputID=bc7ffd6254e148ca85ff12804fbcce93 DependenciesID=ba44cba3e5b61307c7cfceddf2848001 StaticDependenciesID=c7de6e52df3e7a89aa5920b97acdb64d 
Number of updated asset objects reloaded before import = 0
Number of asset objects unloaded after import = 1
========================================================================
Received Import Request.
  Time of request: 2026-08-09T21:21:03.3131545Z
  Time since last request: 0.0006757 seconds.
  importAddress: GUID: 0bd73c6294c03874eba14050fb58eb22 - Path: Assets/Resources/Armies/Models/Custodes/TexturePool/httpssteamusercontentaakamaihdnetugc10202235339304378313B005CC89D56CEFFCE1A15746B87F222CCA7323C3.jpg - Importer: ScriptedImporter/UnityEditor.QuickSearchModule:UnityEditor.Search:ASIAI0B
Importing 'GUID: 0bd73c6294c03874eba14050fb58eb22 - Path: Assets/Resources/Armies/Models/Custodes/TexturePool/httpssteamusercontentaakamaihdnetugc10202235339304378313B005CC89D56CEFFCE1A15746B87F222CCA7323C3.jpg - Importer: ScriptedImporter/UnityEditor.QuickSearchModule:UnityEditor.Search:ASIAI0B' with importer (ScriptedImporter : UnityEditor.QuickSearchModule:UnityEditor.Search:ASIAI0B)
Imported 'GUID: 0bd73c6294c03874eba14050fb58eb22' -> (Import Result ID: 'ad2572dd1a39d50f54cab1ce0b9d3305') in 0.020 seconds [static and dynamic dependencies]. Details - ImportResultOutputID=db4ff750fd6659f9db4f078844574462 DependenciesID=6f4350ac2d26a2a021dcbcc99fa04b4f StaticDependenciesID=c07691ade1307727b5eac7812bd4980f 
Number of updated asset objects reloaded before import = 0
Number of asset objects unloaded after import = 1
========================================================================
Received Import Request.
  Time of request: 2026-08-09T21:21:03.3342613Z
  Time since last request: 0.0009401 seconds.
  importAddress: GUID: a11b8241fe3cd614193a1d9a45c53a34 - Path: Assets/Resources/Armies/Models/Custodes/TexturePool/httpssteamusercontentaakamaihdnetugc13014103330245238354AA58696A831BED9B0B5E67B39D21B24A1783A981.jpg - Importer: ScriptedImporter/UnityEditor.QuickSearchModule:UnityEditor.Search:ASIAI0B
Importing 'GUID: a11b8241fe3cd614193a1d9a45c53a34 - Path: Assets/Resources/Armies/Models/Custodes/TexturePool/httpssteamusercontentaakamaihdnetugc13014103330245238354AA58696A831BED9B0B5E67B39D21B24A1783A981.jpg - Importer: ScriptedImporter/UnityEditor.QuickSearchModule:UnityEditor.Search:ASIAI0B' with importer (ScriptedImporter : UnityEditor.QuickSearchModule:UnityEditor.Search:ASIAI0B)
Imported 'GUID: a11b8241fe3cd614193a1d9a45c53a34' -> (Import Result ID: 'a88c74a114f2c6aeafbf1d75add11018') in 0.016 seconds [static and dynamic dependencies]. Details - ImportResultOutputID=2e25ab392520668202391da512849370 DependenciesID=3f247865bd0c96fc88182232ac1c02fa StaticDependenciesID=bff145d1effad11b3f773ea55593c059 
Number of updated asset objects reloaded before import = 0
Number of asset objects unloaded after import = 1
========================================================================
Received Import Request.
  Time of request: 2026-08-09T21:21:03.3512071Z
  Time since last request: 0.000698 seconds.
  importAddress: GUID: 5739a006c04dcef4394cf6c42202bd70 - Path: Assets/Resources/Armies/Models/Custodes/TexturePool/httpssteamusercontentaakamaihdnetugc1204295545634989123272B1717C952E34B86CFFE2313AFB30EB99D6C045.jpg - Importer: ScriptedImporter/UnityEditor.QuickSearchModule:UnityEditor.Search:ASIAI0B
Importing 'GUID: 5739a006c04dcef4394cf6c42202bd70 - Path: Assets/Resources/Armies/Models/Custodes/TexturePool/httpssteamusercontentaakamaihdnetugc1204295545634989123272B1717C952E34B86CFFE2313AFB30EB99D6C045.jpg - Importer: ScriptedImporter/UnityEditor.QuickSearchModule:UnityEditor.Search:ASIAI0B' with importer (ScriptedImporter : UnityEditor.QuickSearchModule:UnityEditor.Search:ASIAI0B)
Imported 'GUID: 5739a006c04dcef4394cf6c42202bd70' -> (Import Result ID: '8616d31ecd9e9a3c82e55d54d0f3b3cc') in 0.015 seconds [static and dynamic dependencies]. Details - ImportResultOutputID=75d4af365eb9569630c453f04d32a7c9 DependenciesID=813d1d70c0b6c6a195295588ef412ea4 StaticDependenciesID=fdc1b1b550dbe93f79294cc15031301c 
Number of updated asset objects reloaded before import = 0
Number of asset objects unloaded after import = 1
========================================================================
Received Import Request.
  Time of request: 2026-08-09T21:21:03.3676129Z
  Time since last request: 0.0006887 seconds.
  importAddress: GUID: a841e4f48a99a124fb13e1d3b172a919 - Path: Assets/Resources/Armies/Models/Custodes/TexturePool/httpssteamusercontentaakamaihdnetugc13054310568144318463CB4ABC1C32021C1C629E67C7D4D0AC229B2470B.jpg - Importer: ScriptedImporter/UnityEditor.QuickSearchModule:UnityEditor.Search:ASIAI0B
Importing 'GUID: a841e4f48a99a124fb13e1d3b172a919 - Path: Assets/Resources/Armies/Models/Custodes/TexturePool/httpssteamusercontentaakamaihdnetugc13054310568144318463CB4ABC1C32021C1C629E67C7D4D0AC229B2470B.jpg - Importer: ScriptedImporter/UnityEditor.QuickSearchModule:UnityEditor.Search:ASIAI0B' with importer (ScriptedImporter : UnityEditor.QuickSearchModule:UnityEditor.Search:ASIAI0B)
Imported 'GUID: a841e4f48a99a124fb13e1d3b172a919' -> (Import Result ID: 'cc51e1b582f3ef15a1b9b01b283fcab8') in 0.018 seconds [static and dynamic dependencies]. Details - ImportResultOutputID=57a6ab78d970ae5893affe7209039e7b DependenciesID=0f2e99e38b9bb46b901317a2ffd7b981 StaticDependenciesID=e763894953f8e890e4523a8ad994ae43 
Number of updated asset objects reloaded before import = 0
Number of asset objects unloaded after import = 1
========================================================================
Received Import Request.
  Time of request: 2026-08-09T21:21:03.386449Z
  Time since last request: 0.0008797 seconds.
  importAddress: GUID: 48f970f965ec1e94f9ded3a135a026a5 - Path: Assets/Resources/Armies/Models/Custodes/ModelPool/httpssteamusercontentaakamaihdnetugc16927771776970002323D2A92F0C02ED0DE431FA3394A3005C6A3514444.obj - Importer: ScriptedImporter/UnityEditor.QuickSearchModule:UnityEditor.Search:ASIAI0B
Importing 'GUID: 48f970f965ec1e94f9ded3a135a026a5 - Path: Assets/Resources/Armies/Models/Custodes/ModelPool/httpssteamusercontentaakamaihdnetugc16927771776970002323D2A92F0C02ED0DE431FA3394A3005C6A3514444.obj - Importer: ScriptedImporter/UnityEditor.QuickSearchModule:UnityEditor.Search:ASIAI0B' with importer (ScriptedImporter : UnityEditor.QuickSearchModule:UnityEditor.Search:ASIAI0B)
Imported 'GUID: 48f970f965ec1e94f9ded3a135a026a5' -> (Import Result ID: '91d3ae7c89f93fb577bf7f6a334e6311') in 0.017 seconds [static and dynamic dependencies]. Details - ImportResultOutputID=7427d6c20d95eb83f666379eae46d4e5 DependenciesID=dbaf97f6cb0d3d043929ff165bfe2ea5 StaticDependenciesID=150d99593d28b1fa903de2dfd7a819f6 
Number of updated asset objects reloaded before import = 0
Number of asset objects unloaded after import = 10
========================================================================
Received Import Request.
  Time of request: 2026-08-09T21:21:03.4048184Z
  Time since last request: 0.0006125 seconds.
  importAddress: GUID: 6b2378138daec934facaabd59d790a41 - Path: Assets/Resources/Armies/Models/Custodes/ModelPool/httpssteamusercontentaakamaihdnetugc41194808183768465D2065A5CA79710627FEC8CC6DF708994A9C78191.obj - Importer: ScriptedImporter/UnityEditor.QuickSearchModule:UnityEditor.Search:ASIAI0B
Importing 'GUID: 6b2378138daec934facaabd59d790a41 - Path: Assets/Resources/Armies/Models/Custodes/ModelPool/httpssteamusercontentaakamaihdnetugc41194808183768465D2065A5CA79710627FEC8CC6DF708994A9C78191.obj - Importer: ScriptedImporter/UnityEditor.QuickSearchModule:UnityEditor.Search:ASIAI0B' with importer (ScriptedImporter : UnityEditor.QuickSearchModule:UnityEditor.Search:ASIAI0B)
Imported 'GUID: 6b2378138daec934facaabd59d790a41' -> (Import Result ID: '9eed273a79167661c8fba2618d12697e') in 0.016 seconds [static and dynamic dependencies]. Details - ImportResultOutputID=e9fff99ce6859a1f5e3bb0642d22de7f DependenciesID=936b94f9a1fbf3c6a16c6729e61f77a3 StaticDependenciesID=7a850f3e4f718fa62fd1b6aa000c52e1 
Number of updated asset objects reloaded before import = 0
Number of asset objects unloaded after import = 10
========================================================================
Received Import Request.
  Time of request: 2026-08-09T21:21:03.4222015Z
  Time since last request: 0.0004954 seconds.
  importAddress: GUID: 7570bb6a8e3c38544acdf2dbc4df7742 - Path: Assets/Resources/Armies/Models/Custodes/ModelPool/httpssteamusercontentaakamaihdnetugc189435349856696781917DD8CE63A858DF558B543CBCA7C32A142724A2C.obj - Importer: ScriptedImporter/UnityEditor.QuickSearchModule:UnityEditor.Search:ASIAI0B
Importing 'GUID: 7570bb6a8e3c38544acdf2dbc4df7742 - Path: Assets/Resources/Armies/Models/Custodes/ModelPool/httpssteamusercontentaakamaihdnetugc189435349856696781917DD8CE63A858DF558B543CBCA7C32A142724A2C.obj - Importer: ScriptedImporter/UnityEditor.QuickSearchModule:UnityEditor.Search:ASIAI0B' with importer (ScriptedImporter : UnityEditor.QuickSearchModule:UnityEditor.Search:ASIAI0B)
Imported 'GUID: 7570bb6a8e3c38544acdf2dbc4df7742' -> (Import Result ID: 'feb01a627a86985d037619ab1e74f24b') in 0.022 seconds [static and dynamic dependencies]. Details - ImportResultOutputID=120e658165e7cda87e0b40187249de7a DependenciesID=fbf8616ad59f199a9d19c343eac9f814 StaticDependenciesID=6dd769214fa99c461f925d64554c815e 
Number of updated asset objects reloaded before import = 0
Number of asset objects unloaded after import = 10
========================================================================
Received Import Request.
  Time of request: 2026-08-09T21:21:03.4455482Z
  Time since last request: 0.0008299 seconds.
  importAddress: GUID: d9878884035616f459adc133a2cabdff - Path: Assets/Resources/Armies/Models/Custodes/TexturePool/httpssteamusercontentaakamaihdnetugc102958018670834509947620A01C49D79172122E05CDB39B5619E725AAC.jpg - Importer: ScriptedImporter/UnityEditor.QuickSearchModule:UnityEditor.Search:ASIAI0B
Importing 'GUID: d9878884035616f459adc133a2cabdff - Path: Assets/Resources/Armies/Models/Custodes/TexturePool/httpssteamusercontentaakamaihdnetugc102958018670834509947620A01C49D79172122E05CDB39B5619E725AAC.jpg - Importer: ScriptedImporter/UnityEditor.QuickSearchModule:UnityEditor.Search:ASIAI0B' with importer (ScriptedImporter : UnityEditor.QuickSearchModule:UnityEditor.Search:ASIAI0B)
Imported 'GUID: d9878884035616f459adc133a2cabdff' -> (Import Result ID: 'd5272794aebcc058ac491de0701875b5') in 0.020 seconds [static and dynamic dependencies]. Details - ImportResultOutputID=1caeaf0be38704c0a7070c4d95022520 DependenciesID=29ed16940addfd7cb11fec6df8a5b9a0 StaticDependenciesID=a093bbb8bfa0e991871342d76fcdfd93 
Number of updated asset objects reloaded before import = 0
Number of asset objects unloaded after import = 1
========================================================================
Received Import Request.
  Time of request: 2026-08-09T21:21:03.4673457Z
  Time since last request: 0.0010774 seconds.
  importAddress: GUID: a015ef485ed2d1641805293e86f48757 - Path: Assets/Scripts/Core/ModelVisualRegistry.cs - Importer: ScriptedImporter/UnityEditor.QuickSearchModule:UnityEditor.Search:ASIAI0B
Importing 'GUID: a015ef485ed2d1641805293e86f48757 - Path: Assets/Scripts/Core/ModelVisualRegistry.cs - Importer: ScriptedImporter/UnityEditor.QuickSearchModule:UnityEditor.Search:ASIAI0B' with importer (ScriptedImporter : UnityEditor.QuickSearchModule:UnityEditor.Search:ASIAI0B)
Imported 'GUID: a015ef485ed2d1641805293e86f48757' -> (Import Result ID: '07cf38f2668a504b32cdf9bf51fbd24b') in 0.009 seconds [static and dynamic dependencies]. Details - ImportResultOutputID=160c6809f240aa8ecde941d7010cef1b DependenciesID=f57b36136243eea87e83a0469a174acd StaticDependenciesID=3cf44de3c45c2b0b9ddfe69adf4023b1 
Number of updated asset objects reloaded before import = 0
Number of asset objects unloaded after import = 0
========================================================================
Received Import Request.
  Time of request: 2026-08-09T21:21:03.4771802Z
  Time since last request: 0.0009079 seconds.
  importAddress: GUID: 3910628f85ee9d64294ab145bee8d442 - Path: Assets/Resources/Armies/Models/Custodes/ModelPool/httpssteamusercontentaakamaihdnetugc107898026290783940A34DF95D714BEC6C9A3E370FB5F822F19F6E99C.obj - Importer: ScriptedImporter/UnityEditor.QuickSearchModule:UnityEditor.Search:ASIAI0B
Importing 'GUID: 3910628f85ee9d64294ab145bee8d442 - Path: Assets/Resources/Armies/Models/Custodes/ModelPool/httpssteamusercontentaakamaihdnetugc107898026290783940A34DF95D714BEC6C9A3E370FB5F822F19F6E99C.obj - Importer: ScriptedImporter/UnityEditor.QuickSearchModule:UnityEditor.Search:ASIAI0B' with importer (ScriptedImporter : UnityEditor.QuickSearchModule:UnityEditor.Search:ASIAI0B)
Imported 'GUID: 3910628f85ee9d64294ab145bee8d442' -> (Import Result ID: '463bd8310046745e94461849c425a1f9') in 0.019 seconds [static and dynamic dependencies]. Details - ImportResultOutputID=dce00d9f74a5aef605297c1f3acabc5e DependenciesID=f5e8475bc106ebedf92e04097ff8f276 StaticDependenciesID=0c75084c5f6580740cf378452d7e598a 
Number of updated asset objects reloaded before import = 0
Number of asset objects unloaded after import = 10
========================================================================
Received Import Request.
  Time of request: 2026-08-09T21:21:03.4975596Z
  Time since last request: 0.0005611 seconds.
  importAddress: GUID: 0bf0a45c42af7af4295f2e3bb8f4d647 - Path: Assets/Resources/Armies/Models/Custodes/TexturePool/httpssteamusercontentaakamaihdnetugc2010349443497868220E7EB506E5E22EF923D6B552E17ED8C48276C33C8.jpg - Importer: ScriptedImporter/UnityEditor.QuickSearchModule:UnityEditor.Search:ASIAI0B
Importing 'GUID: 0bf0a45c42af7af4295f2e3bb8f4d647 - Path: Assets/Resources/Armies/Models/Custodes/TexturePool/httpssteamusercontentaakamaihdnetugc2010349443497868220E7EB506E5E22EF923D6B552E17ED8C48276C33C8.jpg - Importer: ScriptedImporter/UnityEditor.QuickSearchModule:UnityEditor.Search:ASIAI0B' with importer (ScriptedImporter : UnityEditor.QuickSearchModule:UnityEditor.Search:ASIAI0B)
Imported 'GUID: 0bf0a45c42af7af4295f2e3bb8f4d647' -> (Import Result ID: '4fc3588d7e0386b0efa1741afc1f46cc') in 0.024 seconds [static and dynamic dependencies]. Details - ImportResultOutputID=7cd352eb101acbb92a16ce0ae49066d9 DependenciesID=58945c0b7b9eebb7ffcde8aefaed0d4f StaticDependenciesID=df04247a6b96be5ede1639a8c0b68f2b 
Number of updated asset objects reloaded before import = 0
Number of asset objects unloaded after import = 1
========================================================================
Received Import Request.
  Time of request: 2026-08-09T21:21:03.5232267Z
  Time since last request: 0.0008816 seconds.
  importAddress: GUID: 626e81442803f3342ae8a1945a9a56b3 - Path: Assets/Resources/Armies/Models/Custodes/TexturePool/httpssteamusercontentaakamaihdnetugc10790527710376686443922DCD41FE3443D9BE675A603683C9666E108.jpg - Importer: ScriptedImporter/UnityEditor.QuickSearchModule:UnityEditor.Search:ASIAI0B
Importing 'GUID: 626e81442803f3342ae8a1945a9a56b3 - Path: Assets/Resources/Armies/Models/Custodes/TexturePool/httpssteamusercontentaakamaihdnetugc10790527710376686443922DCD41FE3443D9BE675A603683C9666E108.jpg - Importer: ScriptedImporter/UnityEditor.QuickSearchModule:UnityEditor.Search:ASIAI0B' with importer (ScriptedImporter : UnityEditor.QuickSearchModule:UnityEditor.Search:ASIAI0B)
Imported 'GUID: 626e81442803f3342ae8a1945a9a56b3' -> (Import Result ID: 'c236ed7432f42197be559aa7121dcf9e') in 0.027 seconds [static and dynamic dependencies]. Details - ImportResultOutputID=5ac5dad25cd115f96793949ff6e48177 DependenciesID=3ad6d08107975f0b289d57d3dde1e118 StaticDependenciesID=ba094a58f9a9ef8927b34a7a23adc4c4 
Number of updated asset objects reloaded before import = 0
Number of asset objects unloaded after import = 1
========================================================================
Received Import Request.
  Time of request: 2026-08-09T21:21:03.5517214Z
  Time since last request: 0.0010108 seconds.
  importAddress: GUID: 372bc93052e71ad4a9189101ed2073c9 - Path: Assets/Resources/Armies/Models/Custodes/ModelPool/httpssteamusercontentaakamaihdnetugc3107058347301856835462F11A586F4E43567D1309FA36CC526669860.obj - Importer: ScriptedImporter/UnityEditor.QuickSearchModule:UnityEditor.Search:ASIAI0B
Importing 'GUID: 372bc93052e71ad4a9189101ed2073c9 - Path: Assets/Resources/Armies/Models/Custodes/ModelPool/httpssteamusercontentaakamaihdnetugc3107058347301856835462F11A586F4E43567D1309FA36CC526669860.obj - Importer: ScriptedImporter/UnityEditor.QuickSearchModule:UnityEditor.Search:ASIAI0B' with importer (ScriptedImporter : UnityEditor.QuickSearchModule:UnityEditor.Search:ASIAI0B)
Imported 'GUID: 372bc93052e71ad4a9189101ed2073c9' -> (Import Result ID: '02e0b10440ac65f877bd2280524cc78e') in 0.016 seconds [static and dynamic dependencies]. Details - ImportResultOutputID=27cca3c6c022bf20fe2d3e6319f702bd DependenciesID=6b62741b80fa563a3b4da5854d253875 StaticDependenciesID=fdfb943e1d4907a5909c102ad7168b1a 
Number of updated asset objects reloaded before import = 0
Number of asset objects unloaded after import = 10
========================================================================
Received Import Request.
  Time of request: 2026-08-09T21:21:03.5694805Z
  Time since last request: 0.0007524 seconds.
  importAddress: GUID: 1c06d997715866c4c997b42f745ea1d8 - Path: Assets/Resources/Armies/Models/Custodes/TexturePool/httpssteamusercontentaakamaihdnetugc14778190837284138856368572D77BDB05E92B63D9DE008B38477D79AAB3.jpg - Importer: ScriptedImporter/UnityEditor.QuickSearchModule:UnityEditor.Search:ASIAI0B
Importing 'GUID: 1c06d997715866c4c997b42f745ea1d8 - Path: Assets/Resources/Armies/Models/Custodes/TexturePool/httpssteamusercontentaakamaihdnetugc14778190837284138856368572D77BDB05E92B63D9DE008B38477D79AAB3.jpg - Importer: ScriptedImporter/UnityEditor.QuickSearchModule:UnityEditor.Search:ASIAI0B' with importer (ScriptedImporter : UnityEditor.QuickSearchModule:UnityEditor.Search:ASIAI0B)
Imported 'GUID: 1c06d997715866c4c997b42f745ea1d8' -> (Import Result ID: 'c9c00705da5329ee16a83e7f262592e4') in 0.025 seconds [static and dynamic dependencies]. Details - ImportResultOutputID=2b5f28a4dd01f4aee7755ddf16891f84 DependenciesID=c117e677543455706aa84a7ddf8407e2 StaticDependenciesID=dac95179ea22b5375b62cdd85b31c0eb 
Number of updated asset objects reloaded before import = 0
Number of asset objects unloaded after import = 1
========================================================================
Received Import Request.
  Time of request: 2026-08-09T21:21:03.5958116Z
  Time since last request: 0.0006726 seconds.
  importAddress: GUID: 95512ba0d56378f4dbef454c2651a076 - Path: Assets/Resources/Armies/Models/Custodes/TexturePool/httpssteamusercontentaakamaihdnetugc14007928467632830425B9085F7225376EC82EF5BC5F012561CF676AC472.jpg - Importer: ScriptedImporter/UnityEditor.QuickSearchModule:UnityEditor.Search:ASIAI0B
Importing 'GUID: 95512ba0d56378f4dbef454c2651a076 - Path: Assets/Resources/Armies/Models/Custodes/TexturePool/httpssteamusercontentaakamaihdnetugc14007928467632830425B9085F7225376EC82EF5BC5F012561CF676AC472.jpg - Importer: ScriptedImporter/UnityEditor.QuickSearchModule:UnityEditor.Search:ASIAI0B' with importer (ScriptedImporter : UnityEditor.QuickSearchModule:UnityEditor.Search:ASIAI0B)
Imported 'GUID: 95512ba0d56378f4dbef454c2651a076' -> (Import Result ID: '7733757a5dbdc5ac842960d250a5f94e') in 0.018 seconds [static and dynamic dependencies]. Details - ImportResultOutputID=a048889a197861661842e7fcce0e1dc0 DependenciesID=d4faa46b669f8b9c6349be51fd260e8b StaticDependenciesID=57c8386afb063ad89c910970ddb44bb2 
Number of updated asset objects reloaded before import = 0
Number of asset objects unloaded after import = 1
========================================================================
Received Import Request.
  Time of request: 2026-08-09T21:21:03.6155789Z
  Time since last request: 0.0007952 seconds.
  importAddress: GUID: 047906af5c2a86e4093dbf997a256d05 - Path: Assets/Resources/Armies/Models/Custodes/TexturePool/httpssteamusercontentaakamaihdnetugc1694663387668461296267269A03D7F1E7ADB80478129661D01BC5E957D3.jpg - Importer: ScriptedImporter/UnityEditor.QuickSearchModule:UnityEditor.Search:ASIAI0B
Importing 'GUID: 047906af5c2a86e4093dbf997a256d05 - Path: Assets/Resources/Armies/Models/Custodes/TexturePool/httpssteamusercontentaakamaihdnetugc1694663387668461296267269A03D7F1E7ADB80478129661D01BC5E957D3.jpg - Importer: ScriptedImporter/UnityEditor.QuickSearchModule:UnityEditor.Search:ASIAI0B' with importer (ScriptedImporter : UnityEditor.QuickSearchModule:UnityEditor.Search:ASIAI0B)
Imported 'GUID: 047906af5c2a86e4093dbf997a256d05' -> (Import Result ID: '77d30399674867468a5ab82160ca25df') in 0.021 seconds [static and dynamic dependencies]. Details - ImportResultOutputID=75d922684d86eba4ae16f597f0a54f17 DependenciesID=d6b11e4e415ec96417015854693f888a StaticDependenciesID=d190f84a52864ea0d1d93073ad8dfc79 
Number of updated asset objects reloaded before import = 0
Number of asset objects unloaded after import = 1
========================================================================
Received Import Request.
  Time of request: 2026-08-09T21:21:03.6380923Z
  Time since last request: 0.0007974 seconds.
  importAddress: GUID: 03612b127b24d994ab99b529d349fc0b - Path: Assets/Resources/Armies/Models/Custodes/ModelPool/httpssteamusercontentaakamaihdnetugc15004475678211406673D9D914B9CD022919EE873A0D0410B795E6BEE71D.obj - Importer: ScriptedImporter/UnityEditor.QuickSearchModule:UnityEditor.Search:ASIAI0B
Importing 'GUID: 03612b127b24d994ab99b529d349fc0b - Path: Assets/Resources/Armies/Models/Custodes/ModelPool/httpssteamusercontentaakamaihdnetugc15004475678211406673D9D914B9CD022919EE873A0D0410B795E6BEE71D.obj - Importer: ScriptedImporter/UnityEditor.QuickSearchModule:UnityEditor.Search:ASIAI0B' with importer (ScriptedImporter : UnityEditor.QuickSearchModule:UnityEditor.Search:ASIAI0B)
Imported 'GUID: 03612b127b24d994ab99b529d349fc0b' -> (Import Result ID: '95a9eda499fa49cfe6224658fd71a343') in 0.022 seconds [static and dynamic dependencies]. Details - ImportResultOutputID=c9da93c224b3f177bcaaf16c6f2e8f8b DependenciesID=7b85c8b6f50f9a742afe789f2603989d StaticDependenciesID=f31fc5ce0cda1448e43fe2b984616e51 
Number of updated asset objects reloaded before import = 0
Number of asset objects unloaded after import = 10
========================================================================
Received Import Request.
  Time of request: 2026-08-09T21:21:03.6613879Z
  Time since last request: 0.000584 seconds.
  importAddress: GUID: cc0246dbddb78ed478b1032a305098fa - Path: Assets/Resources/Armies/Models/Custodes/ModelPool/httpssteamusercontentaakamaihdnetugc15592158661965307126245B42BA6FE11AFB58327247917DD5570F679DA4.obj - Importer: ScriptedImporter/UnityEditor.QuickSearchModule:UnityEditor.Search:ASIAI0B
Importing 'GUID: cc0246dbddb78ed478b1032a305098fa - Path: Assets/Resources/Armies/Models/Custodes/ModelPool/httpssteamusercontentaakamaihdnetugc15592158661965307126245B42BA6FE11AFB58327247917DD5570F679DA4.obj - Importer: ScriptedImporter/UnityEditor.QuickSearchModule:UnityEditor.Search:ASIAI0B' with importer (ScriptedImporter : UnityEditor.QuickSearchModule:UnityEditor.Search:ASIAI0B)
Imported 'GUID: cc0246dbddb78ed478b1032a305098fa' -> (Import Result ID: '55486a003ed639a679635dfd4ae65e26') in 0.022 seconds [static and dynamic dependencies]. Details - ImportResultOutputID=aebe1286b87e8488524a74fda56e7e10 DependenciesID=a8579ffcbccfdb7de21af54952d9d026 StaticDependenciesID=a66d7c4cdaf1fea67a5d0a524800baa9 
Number of updated asset objects reloaded before import = 0
Number of asset objects unloaded after import = 10
========================================================================
Received Import Request.
  Time of request: 2026-08-09T21:21:03.6850986Z
  Time since last request: 0.0006915 seconds.
  importAddress: GUID: 61a9308b069184a418f38b15d9515d79 - Path: Assets/Resources/Armies/Models/Custodes/ModelPool/httpssteamusercontentaakamaihdnetugc1486703883914914939D1A267360BDD2BAEB395A4B1B48E533FC42E71BB.obj - Importer: ScriptedImporter/UnityEditor.QuickSearchModule:UnityEditor.Search:ASIAI0B
Importing 'GUID: 61a9308b069184a418f38b15d9515d79 - Path: Assets/Resources/Armies/Models/Custodes/ModelPool/httpssteamusercontentaakamaihdnetugc1486703883914914939D1A267360BDD2BAEB395A4B1B48E533FC42E71BB.obj - Importer: ScriptedImporter/UnityEditor.QuickSearchModule:UnityEditor.Search:ASIAI0B' with importer (ScriptedImporter : UnityEditor.QuickSearchModule:UnityEditor.Search:ASIAI0B)
Imported 'GUID: 61a9308b069184a418f38b15d9515d79' -> (Import Result ID: 'a07dfb3ecedc95ddb3c3c01064a52e40') in 0.021 seconds [static and dynamic dependencies]. Details - ImportResultOutputID=71a63904081a6fc56a1bf781f9f7763b DependenciesID=cee0431eb1f49d8f13c30e4c55cc794e StaticDependenciesID=6110b8b6d5005e5aee0304182406a960 
Number of updated asset objects reloaded before import = 0
Number of asset objects unloaded after import = 10
========================================================================
Received Import Request.
  Time of request: 2026-08-09T21:21:03.7074286Z
  Time since last request: 0.0012493 seconds.
  importAddress: GUID: 5421bb715f1207240882094f0623b914 - Path: Assets/Resources/Armies/Models/Custodes/ModelPool/httpssteamusercontentaakamaihdnetugc1305431194677668812917FE53DA92390B74F0728DA40F7C8C9D99AFD5A.obj - Importer: ScriptedImporter/UnityEditor.QuickSearchModule:UnityEditor.Search:ASIAI0B
Importing 'GUID: 5421bb715f1207240882094f0623b914 - Path: Assets/Resources/Armies/Models/Custodes/ModelPool/httpssteamusercontentaakamaihdnetugc1305431194677668812917FE53DA92390B74F0728DA40F7C8C9D99AFD5A.obj - Importer: ScriptedImporter/UnityEditor.QuickSearchModule:UnityEditor.Search:ASIAI0B' with importer (ScriptedImporter : UnityEditor.QuickSearchModule:UnityEditor.Search:ASIAI0B)
Imported 'GUID: 5421bb715f1207240882094f0623b914' -> (Import Result ID: '5dc9e2479ac9c1077aed69f3256a8734') in 0.027 seconds [static and dynamic dependencies]. Details - ImportResultOutputID=5a73e565f5d7a7fce63c1ad83c83d420 DependenciesID=756d3766843359ab0af089df0f924d90 StaticDependenciesID=d3646b8c0cf533447616c71b5bfce332 
Number of updated asset objects reloaded before import = 0
Number of asset objects unloaded after import = 10
========================================================================
Received Import Request.
  Time of request: 2026-08-09T21:21:03.7377515Z
  Time since last request: 0.0024965 seconds.
  importAddress: GUID: ec7fc465c8343474e86df5a7e865f29b - Path: Assets/Resources/Armies/Models/Custodes/TexturePool/httpssteamusercontentaakamaihdnetugc1305431194673017531CCE037CAE9AE6D36EF784865E27C403E07B27B13.png - Importer: ScriptedImporter/UnityEditor.QuickSearchModule:UnityEditor.Search:ASIAI0B
Importing 'GUID: ec7fc465c8343474e86df5a7e865f29b - Path: Assets/Resources/Armies/Models/Custodes/TexturePool/httpssteamusercontentaakamaihdnetugc1305431194673017531CCE037CAE9AE6D36EF784865E27C403E07B27B13.png - Importer: ScriptedImporter/UnityEditor.QuickSearchModule:UnityEditor.Search:ASIAI0B' with importer (ScriptedImporter : UnityEditor.QuickSearchModule:UnityEditor.Search:ASIAI0B)
Imported 'GUID: ec7fc465c8343474e86df5a7e865f29b' -> (Import Result ID: '1b7e8b817baae27f1a93cc233e1051a6') in 0.022 seconds [static and dynamic dependencies]. Details - ImportResultOutputID=9e2c0fe35e6bf8de4843b3bfbb1be075 DependenciesID=194db59c644bdbb205f19977d10495b3 StaticDependenciesID=852751540d2d050dd63c14048b1b7903 
Number of updated asset objects reloaded before import = 0
Number of asset objects unloaded after import = 1
========================================================================
Received Import Request.
  Time of request: 2026-08-09T21:21:03.760518Z
  Time since last request: 0.0006315 seconds.
  importAddress: GUID: 7c0db4b193507254e8795a2912aa18e0 - Path: Assets/Resources/Armies/Models/Custodes/ModelPool/httpssteamusercontentaakamaihdnetugc20103494434978677186AD0054DEEB1BA91B8A63099FB3935782A38590D.obj - Importer: ScriptedImporter/UnityEditor.QuickSearchModule:UnityEditor.Search:ASIAI0B
Importing 'GUID: 7c0db4b193507254e8795a2912aa18e0 - Path: Assets/Resources/Armies/Models/Custodes/ModelPool/httpssteamusercontentaakamaihdnetugc20103494434978677186AD0054DEEB1BA91B8A63099FB3935782A38590D.obj - Importer: ScriptedImporter/UnityEditor.QuickSearchModule:UnityEditor.Search:ASIAI0B' with importer (ScriptedImporter : UnityEditor.QuickSearchModule:UnityEditor.Search:ASIAI0B)
Imported 'GUID: 7c0db4b193507254e8795a2912aa18e0' -> (Import Result ID: '189b042e1671f105da25f9e55f3a06c6') in 0.016 seconds [static and dynamic dependencies]. Details - ImportResultOutputID=4ddac59dcffd1fd4c26fc5df40de32c1 DependenciesID=1640a69cc0e7c7fa289e46186758034d StaticDependenciesID=4a0ede6a0255083f4cf42e76296f857a 
Number of updated asset objects reloaded before import = 0
Number of asset objects unloaded after import = 10
========================================================================
Received Import Request.
  Time of request: 2026-08-09T21:21:03.7778671Z
  Time since last request: 0.000615 seconds.
  importAddress: GUID: 21cbbb0e533f07c4ebbf7ba419c58187 - Path: Assets/Resources/Armies/Models/Custodes/TexturePool/httpssteamusercontentaakamaihdnetugc18943534985670819731CB37E7DAE8DD465CA634A1B209E22C6DD2B3F16.jpg - Importer: ScriptedImporter/UnityEditor.QuickSearchModule:UnityEditor.Search:ASIAI0B
Importing 'GUID: 21cbbb0e533f07c4ebbf7ba419c58187 - Path: Assets/Resources/Armies/Models/Custodes/TexturePool/httpssteamusercontentaakamaihdnetugc18943534985670819731CB37E7DAE8DD465CA634A1B209E22C6DD2B3F16.jpg - Importer: ScriptedImporter/UnityEditor.QuickSearchModule:UnityEditor.Search:ASIAI0B' with importer (ScriptedImporter : UnityEditor.QuickSearchModule:UnityEditor.Search:ASIAI0B)
Imported 'GUID: 21cbbb0e533f07c4ebbf7ba419c58187' -> (Import Result ID: 'd83571c9bc4f1a00d9353db9d774e677') in 0.020 seconds [static and dynamic dependencies]. Details - ImportResultOutputID=7b474aa39b0aa396f5284f34232042a2 DependenciesID=9e0a835484fcccfb68928627c7d1b749 StaticDependenciesID=869cde06b1d443a860f13bd4197ef233 
Number of updated asset objects reloaded before import = 0
Number of asset objects unloaded after import = 1
========================================================================
Received Import Request.
  Time of request: 2026-08-09T21:21:03.7994245Z
  Time since last request: 0.000878 seconds.
  importAddress: GUID: d0e3334524e24a94ebb26962e5653a26 - Path: Assets/Resources/Armies/Models/Custodes/ModelPool/httpssteamusercontentaakamaihdnetugc1396628954941556060760E5AABD51711DD7DA582B5EC88DDD128C1D13C1.obj - Importer: ScriptedImporter/UnityEditor.QuickSearchModule:UnityEditor.Search:ASIAI0B
Importing 'GUID: d0e3334524e24a94ebb26962e5653a26 - Path: Assets/Resources/Armies/Models/Custodes/ModelPool/httpssteamusercontentaakamaihdnetugc1396628954941556060760E5AABD51711DD7DA582B5EC88DDD128C1D13C1.obj - Importer: ScriptedImporter/UnityEditor.QuickSearchModule:UnityEditor.Search:ASIAI0B' with importer (ScriptedImporter : UnityEditor.QuickSearchModule:UnityEditor.Search:ASIAI0B)
Imported 'GUID: d0e3334524e24a94ebb26962e5653a26' -> (Import Result ID: '26ee8cb3f41c451c4635683191e53e7d') in 0.023 seconds [static and dynamic dependencies]. Details - ImportResultOutputID=cd0fa239c7ad296936bcda125a104f6d DependenciesID=d047cf2f883fcfcf7801a30a498421d2 StaticDependenciesID=cff522e2a9175b9505f81721931d67ef 
Number of updated asset objects reloaded before import = 0
Number of asset objects unloaded after import = 10
========================================================================
Received Import Request.
  Time of request: 2026-08-09T21:21:03.8238337Z
  Time since last request: 0.0004994 seconds.
  importAddress: GUID: 7cd6f09b30dcb5948bc595cb8eea97de - Path: Assets/Resources/Armies/Models/Custodes/TexturePool/httpssteamusercontentaakamaihdnetugc101507134767136637120459C74E6145D194A01B2B86EFDE928F479E63C9.jpg - Importer: ScriptedImporter/UnityEditor.QuickSearchModule:UnityEditor.Search:ASIAI0B
Importing 'GUID: 7cd6f09b30dcb5948bc595cb8eea97de - Path: Assets/Resources/Armies/Models/Custodes/TexturePool/httpssteamusercontentaakamaihdnetugc101507134767136637120459C74E6145D194A01B2B86EFDE928F479E63C9.jpg - Importer: ScriptedImporter/UnityEditor.QuickSearchModule:UnityEditor.Search:ASIAI0B' with importer (ScriptedImporter : UnityEditor.QuickSearchModule:UnityEditor.Search:ASIAI0B)
Imported 'GUID: 7cd6f09b30dcb5948bc595cb8eea97de' -> (Import Result ID: '0e4b089de77f629f66767fdbaca0ac37') in 0.027 seconds [static and dynamic dependencies]. Details - ImportResultOutputID=3b5bb99989e07f892bb336ca5b846987 DependenciesID=35b0f3601f902924e6c9b4a26e65af58 StaticDependenciesID=4260161b2f79ef77dfc607d76e706702 
Number of updated asset objects reloaded before import = 0
Number of asset objects unloaded after import = 1
========================================================================
Received Import Request.
  Time of request: 2026-08-09T21:21:03.8519815Z
  Time since last request: 0.0006834 seconds.
  importAddress: GUID: 0970e1fe26255304d8a458db21ab501b - Path: Assets/Resources/Armies/Models/Custodes/ModelPool/httpssteamusercontentaakamaihdnetugc1692777177697002734E6E82DC517DE23DD124E2572F7FA46E14897E066.obj - Importer: ScriptedImporter/UnityEditor.QuickSearchModule:UnityEditor.Search:ASIAI0B
Importing 'GUID: 0970e1fe26255304d8a458db21ab501b - Path: Assets/Resources/Armies/Models/Custodes/ModelPool/httpssteamusercontentaakamaihdnetugc1692777177697002734E6E82DC517DE23DD124E2572F7FA46E14897E066.obj - Importer: ScriptedImporter/UnityEditor.QuickSearchModule:UnityEditor.Search:ASIAI0B' with importer (ScriptedImporter : UnityEditor.QuickSearchModule:UnityEditor.Search:ASIAI0B)
Imported 'GUID: 0970e1fe26255304d8a458db21ab501b' -> (Import Result ID: '01ae7000e54815d84936c59e4172632d') in 0.023 seconds [static and dynamic dependencies]. Details - ImportResultOutputID=eef7dfd20df24c2b413d712d0c68fbc5 DependenciesID=d428d76b73f64801db5ad10fa61c6615 StaticDependenciesID=5533ccb2abb27dc8accb0a10220c7169 
Number of updated asset objects reloaded before import = 0
Number of asset objects unloaded after import = 10
========================================================================
Received Import Request.
  Time of request: 2026-08-09T21:21:03.8767986Z
  Time since last request: 0.000524 seconds.
  importAddress: GUID: 8fa84d6fe9e51ee44bd5bc0458223961 - Path: Assets/Resources/Armies/Models/Custodes/TexturePool/httpssteamusercontentaakamaihdnetugc2435956414433317788D2D9F01ABA35E6D398BA04316C5BD4711FEF94DC.jpg - Importer: ScriptedImporter/UnityEditor.QuickSearchModule:UnityEditor.Search:ASIAI0B
Importing 'GUID: 8fa84d6fe9e51ee44bd5bc0458223961 - Path: Assets/Resources/Armies/Models/Custodes/TexturePool/httpssteamusercontentaakamaihdnetugc2435956414433317788D2D9F01ABA35E6D398BA04316C5BD4711FEF94DC.jpg - Importer: ScriptedImporter/UnityEditor.QuickSearchModule:UnityEditor.Search:ASIAI0B' with importer (ScriptedImporter : UnityEditor.QuickSearchModule:UnityEditor.Search:ASIAI0B)
Imported 'GUID: 8fa84d6fe9e51ee44bd5bc0458223961' -> (Import Result ID: '292377fb7aa9022410659373420474b4') in 0.020 seconds [static and dynamic dependencies]. Details - ImportResultOutputID=7e4bd2e39f4b398c620da8672a3b6c44 DependenciesID=cd9cf7b411dc37ba79398806d0b0dc4b StaticDependenciesID=cfca93e104914713efb701fe8934807e 
Number of updated asset objects reloaded before import = 0
Number of asset objects unloaded after import = 1
========================================================================
Received Import Request.
  Time of request: 2026-08-09T21:21:03.898722Z
  Time since last request: 0.0007796 seconds.
  importAddress: GUID: b56942dbcdd58164283cb4fcb98b81e5 - Path: Assets/Resources/Armies/Models/Custodes/CATALOGUE.txt - Importer: ScriptedImporter/UnityEditor.QuickSearchModule:UnityEditor.Search:ASIAI0B
Importing 'GUID: b56942dbcdd58164283cb4fcb98b81e5 - Path: Assets/Resources/Armies/Models/Custodes/CATALOGUE.txt - Importer: ScriptedImporter/UnityEditor.QuickSearchModule:UnityEditor.Search:ASIAI0B' with importer (ScriptedImporter : UnityEditor.QuickSearchModule:UnityEditor.Search:ASIAI0B)
Imported 'GUID: b56942dbcdd58164283cb4fcb98b81e5' -> (Import Result ID: 'dc1eac32f5c59dafc64b278e49152dbf') in 0.011 seconds [static and dynamic dependencies]. Details - ImportResultOutputID=b7e32b1148bd0aded2f34c466e8e42b9 DependenciesID=beb194bbad541ce26d1d06dc32da245f StaticDependenciesID=7834a1a324595e8d33505cf307d89b09 
Number of updated asset objects reloaded before import = 0
Number of asset objects unloaded after import = 1
========================================================================
Received Import Request.
  Time of request: 2026-08-09T21:21:03.9110373Z
  Time since last request: 0.0007466 seconds.
  importAddress: GUID: 4b3e192c9908cca43953cce44999298c - Path: Assets/Resources/Armies/Models/Custodes/TexturePool - Importer: ScriptedImporter/UnityEditor.QuickSearchModule:UnityEditor.Search:ASIAI0B
Importing 'GUID: 4b3e192c9908cca43953cce44999298c - Path: Assets/Resources/Armies/Models/Custodes/TexturePool - Importer: ScriptedImporter/UnityEditor.QuickSearchModule:UnityEditor.Search:ASIAI0B' with importer (ScriptedImporter : UnityEditor.QuickSearchModule:UnityEditor.Search:ASIAI0B)
Imported 'GUID: 4b3e192c9908cca43953cce44999298c' -> (Import Result ID: '5d449d2051c26157a4f8d31a14c0c6f9') in 0.010 seconds [static and dynamic dependencies]. Details - ImportResultOutputID=b01216ce5110a6142783afeef1c1c29f DependenciesID=653fbcaf8d37a3c740529d23061b5c98 StaticDependenciesID=dbb4a16838e0917e2d89388e45ff4cb9 
Number of updated asset objects reloaded before import = 0
Number of asset objects unloaded after import = 1
========================================================================
Received Import Request.
  Time of request: 2026-08-09T21:21:03.9221106Z
  Time since last request: 0.0005427 seconds.
  importAddress: GUID: 4d32b9dc49eb60840af5ca3ec5d255d0 - Path: Assets/Resources/Armies/Models/Custodes/ModelPool/httpssteamusercontentaakamaihdnetugc228395254390968306426BE70092A75A7A8D8D420B4AE2E23BE9BC1CF20.obj - Importer: ScriptedImporter/UnityEditor.QuickSearchModule:UnityEditor.Search:ASIAI0B
Importing 'GUID: 4d32b9dc49eb60840af5ca3ec5d255d0 - Path: Assets/Resources/Armies/Models/Custodes/ModelPool/httpssteamusercontentaakamaihdnetugc228395254390968306426BE70092A75A7A8D8D420B4AE2E23BE9BC1CF20.obj - Importer: ScriptedImporter/UnityEditor.QuickSearchModule:UnityEditor.Search:ASIAI0B' with importer (ScriptedImporter : UnityEditor.QuickSearchModule:UnityEditor.Search:ASIAI0B)
Imported 'GUID: 4d32b9dc49eb60840af5ca3ec5d255d0' -> (Import Result ID: '974998bd6b0e2cb44fb0d839e3abca9f') in 0.020 seconds [static and dynamic dependencies]. Details - ImportResultOutputID=bf99f23267af70def621404e20e24d79 DependenciesID=51520a59134ad1f4efbb84698779da92 StaticDependenciesID=ce87c281ecf2430037dfe82ffa1b63d0 
Number of updated asset objects reloaded before import = 0
Number of asset objects unloaded after import = 10
========================================================================
Received Import Request.
  Time of request: 2026-08-09T21:21:03.9437489Z
  Time since last request: 0.0008989 seconds.
  importAddress: GUID: 995282200f7019042a00913b57697182 - Path: Assets/Resources/Armies/Models/Custodes/ModelPool/httpssteamusercontentaakamaihdnetugc1750180373837761017A991C1AC731B4BB84EB3112221D9E7DD2FC9BD30.obj - Importer: ScriptedImporter/UnityEditor.QuickSearchModule:UnityEditor.Search:ASIAI0B
Importing 'GUID: 995282200f7019042a00913b57697182 - Path: Assets/Resources/Armies/Models/Custodes/ModelPool/httpssteamusercontentaakamaihdnetugc1750180373837761017A991C1AC731B4BB84EB3112221D9E7DD2FC9BD30.obj - Importer: ScriptedImporter/UnityEditor.QuickSearchModule:UnityEditor.Search:ASIAI0B' with importer (ScriptedImporter : UnityEditor.QuickSearchModule:UnityEditor.Search:ASIAI0B)
Imported 'GUID: 995282200f7019042a00913b57697182' -> (Import Result ID: '18702ef9e950be5975d8e3580146dbae') in 0.025 seconds [static and dynamic dependencies]. Details - ImportResultOutputID=5b87f710487a8f3a47bd8063f0a47213 DependenciesID=076befd8a7e060a7ceac03c30c992c29 StaticDependenciesID=5c3370d550e22bc42e0de7b9e028ffb2 
Number of updated asset objects reloaded before import = 0
Number of asset objects unloaded after import = 10
========================================================================
Received Import Request.
  Time of request: 2026-08-09T21:21:03.9700403Z
  Time since last request: 0.0007705 seconds.
  importAddress: GUID: eae3fa72646ff73448c185c577f6c062 - Path: Assets/Resources/Armies/Models/Custodes/TexturePool/httpssteamusercontentaakamaihdnetugc238080190443685093346AA3438F32BBA0BCFF113433D13D8438B793F2F.jpg - Importer: ScriptedImporter/UnityEditor.QuickSearchModule:UnityEditor.Search:ASIAI0B
Importing 'GUID: eae3fa72646ff73448c185c577f6c062 - Path: Assets/Resources/Armies/Models/Custodes/TexturePool/httpssteamusercontentaakamaihdnetugc238080190443685093346AA3438F32BBA0BCFF113433D13D8438B793F2F.jpg - Importer: ScriptedImporter/UnityEditor.QuickSearchModule:UnityEditor.Search:ASIAI0B' with importer (ScriptedImporter : UnityEditor.QuickSearchModule:UnityEditor.Search:ASIAI0B)
Imported 'GUID: eae3fa72646ff73448c185c577f6c062' -> (Import Result ID: 'ef53aa6cd4b62e31f50ffe73da39db07') in 0.024 seconds [static and dynamic dependencies]. Details - ImportResultOutputID=bd8bc569eb9fbfd345cfe165ddc42c36 DependenciesID=237ef299fb26ce1854f3b0f620531e63 StaticDependenciesID=db9cd279cf2b724461737f4c49c131fa 
Number of updated asset objects reloaded before import = 0
Number of asset objects unloaded after import = 1
========================================================================
Received Import Request.
  Time of request: 2026-08-09T21:21:03.9956124Z
  Time since last request: 0.0010586 seconds.
  importAddress: GUID: 06012184c78bdc2439fd1ac4894894ee - Path: Assets/Resources/Armies/Models/Custodes/ModelPool/httpssteamusercontentaakamaihdnetugc1305431405701592236FE9A5CC6F7AED098DFF9B371F57FF8CB2D292DB4.obj - Importer: ScriptedImporter/UnityEditor.QuickSearchModule:UnityEditor.Search:ASIAI0B
Importing 'GUID: 06012184c78bdc2439fd1ac4894894ee - Path: Assets/Resources/Armies/Models/Custodes/ModelPool/httpssteamusercontentaakamaihdnetugc1305431405701592236FE9A5CC6F7AED098DFF9B371F57FF8CB2D292DB4.obj - Importer: ScriptedImporter/UnityEditor.QuickSearchModule:UnityEditor.Search:ASIAI0B' with importer (ScriptedImporter : UnityEditor.QuickSearchModule:UnityEditor.Search:ASIAI0B)
Imported 'GUID: 06012184c78bdc2439fd1ac4894894ee' -> (Import Result ID: '7d5a53b2d25cd802f4d2c99457bea8ec') in 0.023 seconds [static and dynamic dependencies]. Details - ImportResultOutputID=b14f50a02648a4165f19560183ea2865 DependenciesID=236db445cdf290ba37aadde64070e76a StaticDependenciesID=99870b27d314ad78f18dca457f3b24d0 
Number of updated asset objects reloaded before import = 0
Number of asset objects unloaded after import = 10
========================================================================
Received Import Request.
  Time of request: 2026-08-09T21:21:04.0204502Z
  Time since last request: 0.0004637 seconds.
  importAddress: GUID: 5dd923e19b53f1f4791c738adb18d173 - Path: Assets/Resources/Armies/Models/Custodes/ModelPool/httpssteamusercontentaakamaihdnetugc9529663569250035527F24342D01D0B1E2B30E3D3F7CCFEFC74DEC6933.obj - Importer: ScriptedImporter/UnityEditor.QuickSearchModule:UnityEditor.Search:ASIAI0B
Importing 'GUID: 5dd923e19b53f1f4791c738adb18d173 - Path: Assets/Resources/Armies/Models/Custodes/ModelPool/httpssteamusercontentaakamaihdnetugc9529663569250035527F24342D01D0B1E2B30E3D3F7CCFEFC74DEC6933.obj - Importer: ScriptedImporter/UnityEditor.QuickSearchModule:UnityEditor.Search:ASIAI0B' with importer (ScriptedImporter : UnityEditor.QuickSearchModule:UnityEditor.Search:ASIAI0B)
Imported 'GUID: 5dd923e19b53f1f4791c738adb18d173' -> (Import Result ID: 'efa34378022e62bb08b3bdb9185d5235') in 0.023 seconds [static and dynamic dependencies]. Details - ImportResultOutputID=1ec9934b517cba6b8265cd74077ae2ea DependenciesID=ca1340bdbb132e6553a9bdc9bba28ee5 StaticDependenciesID=a90290243b17faf59e05a874a3344f0a 
Number of updated asset objects reloaded before import = 0
Number of asset objects unloaded after import = 10
========================================================================
Received Import Request.
  Time of request: 2026-08-09T21:21:04.0445973Z
  Time since last request: 0.0005849 seconds.
  importAddress: GUID: eeba4f10ecf31c4468417e6cdefe4c85 - Path: Assets/Resources/Armies/Models/Custodes/TexturePool/httpssteamusercontentaakamaihdnetugc14111529875816533586C7D2C4FCCB920BFCD96CF55D6370959B38C5FA41.jpg - Importer: ScriptedImporter/UnityEditor.QuickSearchModule:UnityEditor.Search:ASIAI0B
Importing 'GUID: eeba4f10ecf31c4468417e6cdefe4c85 - Path: Assets/Resources/Armies/Models/Custodes/TexturePool/httpssteamusercontentaakamaihdnetugc14111529875816533586C7D2C4FCCB920BFCD96CF55D6370959B38C5FA41.jpg - Importer: ScriptedImporter/UnityEditor.QuickSearchModule:UnityEditor.Search:ASIAI0B' with importer (ScriptedImporter : UnityEditor.QuickSearchModule:UnityEditor.Search:ASIAI0B)
Imported 'GUID: eeba4f10ecf31c4468417e6cdefe4c85' -> (Import Result ID: '0f58f834feecb6de9db976532bc428f7') in 0.029 seconds [static and dynamic dependencies]. Details - ImportResultOutputID=86dc86ae6ce9d435fa5ff023e1e6790e DependenciesID=efd13919bdea9f5f2e4f4cc3b4e760f3 StaticDependenciesID=facbf4f7865a2c53dac555ef70c1ef6d 
Number of updated asset objects reloaded before import = 0
Number of asset objects unloaded after import = 1
========================================================================
Received Import Request.
  Time of request: 2026-08-09T21:21:04.074121Z
  Time since last request: 0.0005567 seconds.
  importAddress: GUID: 1b031902a445ed8429152bcc67e5aa61 - Path: Assets/Resources/Armies/Models/Custodes/ModelPool/httpssteamusercontentaakamaihdnetugc18943534985668857224EE501EFB9A172C13A5AC71DF4B1894AAEDD590D.obj - Importer: ScriptedImporter/UnityEditor.QuickSearchModule:UnityEditor.Search:ASIAI0B
Importing 'GUID: 1b031902a445ed8429152bcc67e5aa61 - Path: Assets/Resources/Armies/Models/Custodes/ModelPool/httpssteamusercontentaakamaihdnetugc18943534985668857224EE501EFB9A172C13A5AC71DF4B1894AAEDD590D.obj - Importer: ScriptedImporter/UnityEditor.QuickSearchModule:UnityEditor.Search:ASIAI0B' with importer (ScriptedImporter : UnityEditor.QuickSearchModule:UnityEditor.Search:ASIAI0B)
Imported 'GUID: 1b031902a445ed8429152bcc67e5aa61' -> (Import Result ID: '292539b0a33cce74c21282ec6a99d990') in 0.018 seconds [static and dynamic dependencies]. Details - ImportResultOutputID=8f0a6e17a199a5432e38b44be2cc07a9 DependenciesID=5887ab8695a74856c50b88367fc38e85 StaticDependenciesID=90354026d94ad15f70f0c697f2bd99a3 
Number of updated asset objects reloaded before import = 0
Number of asset objects unloaded after import = 10
========================================================================
Received Import Request.
  Time of request: 2026-08-09T21:21:04.0928555Z
  Time since last request: 0.0004283 seconds.
  importAddress: GUID: 1203a1c61ac38384ca9ee09d28f6bab1 - Path: Assets/Resources/Armies/Models/Custodes/ModelPool/httpssteamusercontentaakamaihdnetugc1781731125720138770E6D5D440061FB39C1A4067C6369934C708F55B66.obj - Importer: ScriptedImporter/UnityEditor.QuickSearchModule:UnityEditor.Search:ASIAI0B
Importing 'GUID: 1203a1c61ac38384ca9ee09d28f6bab1 - Path: Assets/Resources/Armies/Models/Custodes/ModelPool/httpssteamusercontentaakamaihdnetugc1781731125720138770E6D5D440061FB39C1A4067C6369934C708F55B66.obj - Importer: ScriptedImporter/UnityEditor.QuickSearchModule:UnityEditor.Search:ASIAI0B' with importer (ScriptedImporter : UnityEditor.QuickSearchModule:UnityEditor.Search:ASIAI0B)
Imported 'GUID: 1203a1c61ac38384ca9ee09d28f6bab1' -> (Import Result ID: '57c0c0f09786d580fd32c916bd93abb4') in 0.022 seconds [static and dynamic dependencies]. Details - ImportResultOutputID=ee2400bc872d0fa64f06c5914bfe79fd DependenciesID=3626873b7e04cc996fbfcad151858c4f StaticDependenciesID=b7cf602a5773d667da698d14418be775 
Number of updated asset objects reloaded before import = 0
Number of asset objects unloaded after import = 10
========================================================================
Received Import Request.
  Time of request: 2026-08-09T21:21:04.1168803Z
  Time since last request: 0.0012753 seconds.
  importAddress: GUID: 121ab099bb896884a8c4a586d648b26a - Path: Assets/Resources/Armies/Models/Custodes/TexturePool/httpssteamusercontentaakamaihdnetugc14913819375214553844B8FD333F34F7E80BB9CCD123F687851D4C4ACE30.jpg - Importer: ScriptedImporter/UnityEditor.QuickSearchModule:UnityEditor.Search:ASIAI0B
Importing 'GUID: 121ab099bb896884a8c4a586d648b26a - Path: Assets/Resources/Armies/Models/Custodes/TexturePool/httpssteamusercontentaakamaihdnetugc14913819375214553844B8FD333F34F7E80BB9CCD123F687851D4C4ACE30.jpg - Importer: ScriptedImporter/UnityEditor.QuickSearchModule:UnityEditor.Search:ASIAI0B' with importer (ScriptedImporter : UnityEditor.QuickSearchModule:UnityEditor.Search:ASIAI0B)
Imported 'GUID: 121ab099bb896884a8c4a586d648b26a' -> (Import Result ID: '47c6d36346bab5abdde2b73704d79040') in 0.017 seconds [static and dynamic dependencies]. Details - ImportResultOutputID=ae8f3a9e7bd7e851dde8e608b4087246 DependenciesID=78ac151df97a1403a6152258ba304810 StaticDependenciesID=32c90fcd09be1ddcf6e6e2c41a44559c 
Number of updated asset objects reloaded before import = 0
Number of asset objects unloaded after import = 1
========================================================================
Received Import Request.
  Time of request: 2026-08-09T21:21:04.1349341Z
  Time since last request: 0.0007961 seconds.
  importAddress: GUID: 3a5f78b22d0cdc14eb0fc52f7ad7631f - Path: Assets/Resources/Armies/Models/Custodes/ModelPool/httpssteamusercontentaakamaihdnetugc142060775450782977408D5E0413276A7C2D11F0B3B5BAF857AE6879C775.obj - Importer: ScriptedImporter/UnityEditor.QuickSearchModule:UnityEditor.Search:ASIAI0B
Importing 'GUID: 3a5f78b22d0cdc14eb0fc52f7ad7631f - Path: Assets/Resources/Armies/Models/Custodes/ModelPool/httpssteamusercontentaakamaihdnetugc142060775450782977408D5E0413276A7C2D11F0B3B5BAF857AE6879C775.obj - Importer: ScriptedImporter/UnityEditor.QuickSearchModule:UnityEditor.Search:ASIAI0B' with importer (ScriptedImporter : UnityEditor.QuickSearchModule:UnityEditor.Search:ASIAI0B)
Imported 'GUID: 3a5f78b22d0cdc14eb0fc52f7ad7631f' -> (Import Result ID: 'b71fae79baf4c0b4c406daff7ee09fa9') in 0.018 seconds [static and dynamic dependencies]. Details - ImportResultOutputID=2dcf2e80c597fd2f2b6dc68318e7e4da DependenciesID=99d1a860b86e578297f0809de7595368 StaticDependenciesID=de60afc0040859615bbdbcd011dc5ff1 
Number of updated asset objects reloaded before import = 0
Number of asset objects unloaded after import = 10
========================================================================
Received Import Request.
  Time of request: 2026-08-09T21:21:04.1551173Z
  Time since last request: 0.0000367 seconds.
  importAddress: GUID: cc9929055193bb245a238f2053b41f02 - Path: Assets/Resources/Armies/Models/Custodes/ModelPool/httpssteamusercontentaakamaihdnetugc78187612663007098831C473275E24B4A853CE264051DE9C8FFF797BDB.obj - Importer: ScriptedImporter/UnityEditor.QuickSearchModule:UnityEditor.Search:ASIAI0B
Importing 'GUID: cc9929055193bb245a238f2053b41f02 - Path: Assets/Resources/Armies/Models/Custodes/ModelPool/httpssteamusercontentaakamaihdnetugc78187612663007098831C473275E24B4A853CE264051DE9C8FFF797BDB.obj - Importer: ScriptedImporter/UnityEditor.QuickSearchModule:UnityEditor.Search:ASIAI0B' with importer (ScriptedImporter : UnityEditor.QuickSearchModule:UnityEditor.Search:ASIAI0B)
Imported 'GUID: cc9929055193bb245a238f2053b41f02' -> (Import Result ID: 'b4befaa255ae2e96c9ac9a8e0874f1ef') in 0.022 seconds [static and dynamic dependencies]. Details - ImportResultOutputID=576b37964ae6a927094b796d1fc5a5a4 DependenciesID=53d013f557ba446a95074d905f4cae03 StaticDependenciesID=8fa55c640c91844ecf07e4032a842c47 
Number of updated asset objects reloaded before import = 0
Number of asset objects unloaded after import = 10
========================================================================
Received Import Request.
  Time of request: 2026-08-09T21:21:04.1785419Z
  Time since last request: 0.0004479 seconds.
  importAddress: GUID: db70d09178fabea44802ef7db668c60b - Path: Assets/Resources/Armies/Models/Custodes/ModelPool/httpssteamusercontentaakamaihdnetugc1169969432031733147743608AC01E48C671BF3E9AA7610E06DDE3336C03.obj - Importer: ScriptedImporter/UnityEditor.QuickSearchModule:UnityEditor.Search:ASIAI0B
Importing 'GUID: db70d09178fabea44802ef7db668c60b - Path: Assets/Resources/Armies/Models/Custodes/ModelPool/httpssteamusercontentaakamaihdnetugc1169969432031733147743608AC01E48C671BF3E9AA7610E06DDE3336C03.obj - Importer: ScriptedImporter/UnityEditor.QuickSearchModule:UnityEditor.Search:ASIAI0B' with importer (ScriptedImporter : UnityEditor.QuickSearchModule:UnityEditor.Search:ASIAI0B)
Imported 'GUID: db70d09178fabea44802ef7db668c60b' -> (Import Result ID: 'a2e81e9add59e464824d7197a2358923') in 0.021 seconds [static and dynamic dependencies]. Details - ImportResultOutputID=35b80f956313174ea18ba90b489abb87 DependenciesID=8e99e81787bed9ec0ef352d175be40f0 StaticDependenciesID=e0cdf3ca8c9ba203789b5c785fed126b 
Number of updated asset objects reloaded before import = 0
Number of asset objects unloaded after import = 10
========================================================================
Received Import Request.
  Time of request: 2026-08-09T21:21:04.2016187Z
  Time since last request: 0.0005282 seconds.
  importAddress: GUID: 8894fccd616c95446b8678314fdf4efb - Path: Assets/Resources/Armies/Models/Custodes/TexturePool/httpssteamusercontentaakamaihdnetugc1486703883914937326C8C4A65059D3FEA64E2D3D88DB8B1137220470DA.jpg - Importer: ScriptedImporter/UnityEditor.QuickSearchModule:UnityEditor.Search:ASIAI0B
Importing 'GUID: 8894fccd616c95446b8678314fdf4efb - Path: Assets/Resources/Armies/Models/Custodes/TexturePool/httpssteamusercontentaakamaihdnetugc1486703883914937326C8C4A65059D3FEA64E2D3D88DB8B1137220470DA.jpg - Importer: ScriptedImporter/UnityEditor.QuickSearchModule:UnityEditor.Search:ASIAI0B' with importer (ScriptedImporter : UnityEditor.QuickSearchModule:UnityEditor.Search:ASIAI0B)
Imported 'GUID: 8894fccd616c95446b8678314fdf4efb' -> (Import Result ID: '8e681e26eaba13b115217a08a7a58065') in 0.021 seconds [static and dynamic dependencies]. Details - ImportResultOutputID=2ebbe93edb99ab54539a6ccd6db1f896 DependenciesID=254c1d7800d6bf88ccc1f1a0d5c524bd StaticDependenciesID=bbf35d93cd832c3fcec232f43d00ba99 
Number of updated asset objects reloaded before import = 0
Number of asset objects unloaded after import = 1
========================================================================
Received Import Request.
  Time of request: 2026-08-09T21:21:04.2234571Z
  Time since last request: 0.0006537 seconds.
  importAddress: GUID: 1488706d5966b1e41992992cbd10119f - Path: Assets/Resources/Armies/Models/Custodes/ModelPool/httpssteamusercontentaakamaihdnetugc1781731125720139970F57B5A359CAF1C3C5BEB5C84A8F323D04DAC05D9.obj - Importer: ScriptedImporter/UnityEditor.QuickSearchModule:UnityEditor.Search:ASIAI0B
Importing 'GUID: 1488706d5966b1e41992992cbd10119f - Path: Assets/Resources/Armies/Models/Custodes/ModelPool/httpssteamusercontentaakamaihdnetugc1781731125720139970F57B5A359CAF1C3C5BEB5C84A8F323D04DAC05D9.obj - Importer: ScriptedImporter/UnityEditor.QuickSearchModule:UnityEditor.Search:ASIAI0B' with importer (ScriptedImporter : UnityEditor.QuickSearchModule:UnityEditor.Search:ASIAI0B)
Imported 'GUID: 1488706d5966b1e41992992cbd10119f' -> (Import Result ID: '0e363722e9ca066d71feeca1f5363841') in 0.019 seconds [static and dynamic dependencies]. Details - ImportResultOutputID=21cef7f87faa34dfa56c04e99cc01a09 DependenciesID=c6a39fa94606435c63567f4ef37dcecf StaticDependenciesID=666a8f9ed1516bf0c9b0433d50c0aa95 
Number of updated asset objects reloaded before import = 0
Number of asset objects unloaded after import = 10
========================================================================
Received Import Request.
  Time of request: 2026-08-09T21:21:04.2432567Z
  Time since last request: 0.0005133 seconds.
  importAddress: GUID: 73b86d2e0fa386046abf21ae85e76212 - Path: Assets/Resources/Armies/Models/Custodes/ModelPool/httpssteamusercontentaakamaihdnetugc1825649131183539545F52037D9B6B814A5B829E1038B4435A65B52F0E0.obj - Importer: ScriptedImporter/UnityEditor.QuickSearchModule:UnityEditor.Search:ASIAI0B
Importing 'GUID: 73b86d2e0fa386046abf21ae85e76212 - Path: Assets/Resources/Armies/Models/Custodes/ModelPool/httpssteamusercontentaakamaihdnetugc1825649131183539545F52037D9B6B814A5B829E1038B4435A65B52F0E0.obj - Importer: ScriptedImporter/UnityEditor.QuickSearchModule:UnityEditor.Search:ASIAI0B' with importer (ScriptedImporter : UnityEditor.QuickSearchModule:UnityEditor.Search:ASIAI0B)
Imported 'GUID: 73b86d2e0fa386046abf21ae85e76212' -> (Import Result ID: '69da31cf7dd58b3255e52470131716b7') in 0.028 seconds [static and dynamic dependencies]. Details - ImportResultOutputID=4f6166ea0aeaee87b4ca56da8a5a4685 DependenciesID=aafad2f8000b8f5141d2d7a496c31094 StaticDependenciesID=32407d4ef1e3793d83ce8d8c55a087e9 
Number of updated asset objects reloaded before import = 0
Number of asset objects unloaded after import = 10
========================================================================
Received Import Request.
  Time of request: 2026-08-09T21:21:04.2719152Z
  Time since last request: 0.000502 seconds.
  importAddress: GUID: 731e9f6bea15c1149ba607600ea361de - Path: Assets/Resources/Armies/Models/Custodes/ModelPool/httpssteamusercontentaakamaihdnetugc9622965398647091610459ABBE114D035B447CA0FB2B7A3A92448ED07C7.obj - Importer: ScriptedImporter/UnityEditor.QuickSearchModule:UnityEditor.Search:ASIAI0B
Importing 'GUID: 731e9f6bea15c1149ba607600ea361de - Path: Assets/Resources/Armies/Models/Custodes/ModelPool/httpssteamusercontentaakamaihdnetugc9622965398647091610459ABBE114D035B447CA0FB2B7A3A92448ED07C7.obj - Importer: ScriptedImporter/UnityEditor.QuickSearchModule:UnityEditor.Search:ASIAI0B' with importer (ScriptedImporter : UnityEditor.QuickSearchModule:UnityEditor.Search:ASIAI0B)
Imported 'GUID: 731e9f6bea15c1149ba607600ea361de' -> (Import Result ID: '76a17acfa95fa7ea11ef5722e508d4e3') in 0.019 seconds [static and dynamic dependencies]. Details - ImportResultOutputID=c1bf9ee11715f23acd27148764f81bb6 DependenciesID=e72d4c0b658e943f7512348e503c0a2b StaticDependenciesID=08b74fa4d072783f1c2a68e34d28ffa0 
Number of updated asset objects reloaded before import = 0
Number of asset objects unloaded after import = 10
========================================================================
Received Import Request.
  Time of request: 2026-08-09T21:21:04.2920797Z
  Time since last request: 0.0000455 seconds.
  importAddress: GUID: 4e2218d4353135446a41175a7546c4f6 - Path: Assets/Resources/Armies/Models/Custodes/ModelPool/httpssteamusercontentaakamaihdnetugc1305431405701572752620DF74BDC141B8DB36CEEE53EC46E4E4E485A5C.obj - Importer: ScriptedImporter/UnityEditor.QuickSearchModule:UnityEditor.Search:ASIAI0B
Importing 'GUID: 4e2218d4353135446a41175a7546c4f6 - Path: Assets/Resources/Armies/Models/Custodes/ModelPool/httpssteamusercontentaakamaihdnetugc1305431405701572752620DF74BDC141B8DB36CEEE53EC46E4E4E485A5C.obj - Importer: ScriptedImporter/UnityEditor.QuickSearchModule:UnityEditor.Search:ASIAI0B' with importer (ScriptedImporter : UnityEditor.QuickSearchModule:UnityEditor.Search:ASIAI0B)
Imported 'GUID: 4e2218d4353135446a41175a7546c4f6' -> (Import Result ID: '2373415560058ef362a1fbf43cdf9803') in 0.020 seconds [static and dynamic dependencies]. Details - ImportResultOutputID=338e11978d1e52d11d0488ee1d58f256 DependenciesID=9c93a3cfa2cab205dce613e2c66387e2 StaticDependenciesID=6fee7a6b5b4a218d44418c462add2961 
Number of updated asset objects reloaded before import = 0
Number of asset objects unloaded after import = 10
========================================================================
Received Import Request.
  Time of request: 2026-08-09T21:21:04.3291258Z
  Time since last request: 0.0156827 seconds.
  importAddress: GUID: 95883a9f327b28d4ca69f1865e6a9ccf - Path: Assets/Resources/Armies/Models/Custodes/TexturePool/httpssteamusercontentaakamaihdnetugc128519539762957023900AA46D85B4AC4ABA262D97E2C60330BAE51C2338.jpg - Importer: ScriptedImporter/UnityEditor.QuickSearchModule:UnityEditor.Search:ASIAI0B
Importing 'GUID: 95883a9f327b28d4ca69f1865e6a9ccf - Path: Assets/Resources/Armies/Models/Custodes/TexturePool/httpssteamusercontentaakamaihdnetugc128519539762957023900AA46D85B4AC4ABA262D97E2C60330BAE51C2338.jpg - Importer: ScriptedImporter/UnityEditor.QuickSearchModule:UnityEditor.Search:ASIAI0B' with importer (ScriptedImporter : UnityEditor.QuickSearchModule:UnityEditor.Search:ASIAI0B)
Imported 'GUID: 95883a9f327b28d4ca69f1865e6a9ccf' -> (Import Result ID: 'b2de4a5f8866551d5769e82b5fa85f28') in 0.020 seconds [static and dynamic dependencies]. Details - ImportResultOutputID=2f1f516d393d028734f2049f34ad6c48 DependenciesID=4bc442d3e1cb123c17b95fac8e109f93 StaticDependenciesID=0dd4a84c9d1afa543864746b4d412817 
Number of updated asset objects reloaded before import = 0
Number of asset objects unloaded after import = 1
========================================================================
Received Import Request.
  Time of request: 2026-08-09T21:21:04.3508815Z
  Time since last request: 0.0009339 seconds.
  importAddress: GUID: 91b9906ca83e4cc479ffbcb3a45fd227 - Path: Assets/Resources/Armies/Models/Custodes/TexturePool/httpssteamusercontentaakamaihdnetugc20103494434978695544C8E7E21C74B7EE9DCB982785C97650CAF6F79F4.jpg - Importer: ScriptedImporter/UnityEditor.QuickSearchModule:UnityEditor.Search:ASIAI0B
Importing 'GUID: 91b9906ca83e4cc479ffbcb3a45fd227 - Path: Assets/Resources/Armies/Models/Custodes/TexturePool/httpssteamusercontentaakamaihdnetugc20103494434978695544C8E7E21C74B7EE9DCB982785C97650CAF6F79F4.jpg - Importer: ScriptedImporter/UnityEditor.QuickSearchModule:UnityEditor.Search:ASIAI0B' with importer (ScriptedImporter : UnityEditor.QuickSearchModule:UnityEditor.Search:ASIAI0B)
Imported 'GUID: 91b9906ca83e4cc479ffbcb3a45fd227' -> (Import Result ID: 'ae7fcc351c1aa4deecc02f2dce5e456f') in 0.020 seconds [static and dynamic dependencies]. Details - ImportResultOutputID=215716bb5de62606412a0c58cc0dbea8 DependenciesID=7d9aafe8c06af34cae649bf76b388893 StaticDependenciesID=37b3f1b8674a49a9f96d65da0782dfff 
Number of updated asset objects reloaded before import = 0
Number of asset objects unloaded after import = 1
========================================================================
Received Import Request.
  Time of request: 2026-08-09T21:21:04.3718617Z
  Time since last request: 0.0007826 seconds.
  importAddress: GUID: 02475665127a241448b21464c527b439 - Path: Assets/Resources/Armies/Models/Custodes/TexturePool/httpssteamusercontentaakamaihdnetugc18320137091868427475637A30FF7C664724562DB0709BBC1514AB2CD1DC.jpg - Importer: ScriptedImporter/UnityEditor.QuickSearchModule:UnityEditor.Search:ASIAI0B
Importing 'GUID: 02475665127a241448b21464c527b439 - Path: Assets/Resources/Armies/Models/Custodes/TexturePool/httpssteamusercontentaakamaihdnetugc18320137091868427475637A30FF7C664724562DB0709BBC1514AB2CD1DC.jpg - Importer: ScriptedImporter/UnityEditor.QuickSearchModule:UnityEditor.Search:ASIAI0B' with importer (ScriptedImporter : UnityEditor.QuickSearchModule:UnityEditor.Search:ASIAI0B)
Imported 'GUID: 02475665127a241448b21464c527b439' -> (Import Result ID: 'fdd4bab8f4aef225cbb55047a4ec6987') in 0.020 seconds [static and dynamic dependencies]. Details - ImportResultOutputID=35ebac32acd8b12087bce14434f21014 DependenciesID=e9dceb88a541ff297833edfb1df79460 StaticDependenciesID=4ba0d76aae27367f3bcc92da42ff2070 
Number of updated asset objects reloaded before import = 0
Number of asset objects unloaded after import = 1
========================================================================
Received Import Request.
  Time of request: 2026-08-09T21:21:04.3933739Z
  Time since last request: 0.0005974 seconds.
  importAddress: GUID: 5112b6a5bcd079c46a0371505df9e309 - Path: Assets/Resources/Armies/Models/Custodes/TexturePool/httpssteamusercontentaakamaihdnetugc18943534985669688570D36AA64F38EB10E2DB8D3E58D2F2324653411C6.jpg - Importer: ScriptedImporter/UnityEditor.QuickSearchModule:UnityEditor.Search:ASIAI0B
Importing 'GUID: 5112b6a5bcd079c46a0371505df9e309 - Path: Assets/Resources/Armies/Models/Custodes/TexturePool/httpssteamusercontentaakamaihdnetugc18943534985669688570D36AA64F38EB10E2DB8D3E58D2F2324653411C6.jpg - Importer: ScriptedImporter/UnityEditor.QuickSearchModule:UnityEditor.Search:ASIAI0B' with importer (ScriptedImporter : UnityEditor.QuickSearchModule:UnityEditor.Search:ASIAI0B)
Imported 'GUID: 5112b6a5bcd079c46a0371505df9e309' -> (Import Result ID: 'b5104eba12676db16a2eb5f477bee1d6') in 0.022 seconds [static and dynamic dependencies]. Details - ImportResultOutputID=9a1041ab2ba2c9cc592abfffbeb3372e DependenciesID=32177c6738e1bfc5039eef4e482403de StaticDependenciesID=72b0b6a4fa9441362c3839927b44506a 
Number of updated asset objects reloaded before import = 0
Number of asset objects unloaded after import = 1
========================================================================
Received Import Request.
  Time of request: 2026-08-09T21:21:04.4171719Z
  Time since last request: 0.001184 seconds.
  importAddress: GUID: 1eb1ca920e7cce34a8d48e3d6127b79b - Path: Assets/Resources/Armies/Models/Custodes/TexturePool/httpssteamusercontentaakamaihdnetugc1821147036162828120C525B89047928F3B132D9C1247215AA1F94ECFF4.jpg - Importer: ScriptedImporter/UnityEditor.QuickSearchModule:UnityEditor.Search:ASIAI0B
Importing 'GUID: 1eb1ca920e7cce34a8d48e3d6127b79b - Path: Assets/Resources/Armies/Models/Custodes/TexturePool/httpssteamusercontentaakamaihdnetugc1821147036162828120C525B89047928F3B132D9C1247215AA1F94ECFF4.jpg - Importer: ScriptedImporter/UnityEditor.QuickSearchModule:UnityEditor.Search:ASIAI0B' with importer (ScriptedImporter : UnityEditor.QuickSearchModule:UnityEditor.Search:ASIAI0B)
Imported 'GUID: 1eb1ca920e7cce34a8d48e3d6127b79b' -> (Import Result ID: '30243038ab97154674d8b882f2d53b31') in 0.021 seconds [static and dynamic dependencies]. Details - ImportResultOutputID=36b5653e5d9867ea3e827f7d7e50a22c DependenciesID=c38118e092fb9cac545399b2b7e0187e StaticDependenciesID=e1740e0c5cff2246272521ba03cba160 
Number of updated asset objects reloaded before import = 0
Number of asset objects unloaded after import = 1
========================================================================
Received Import Request.
  Time of request: 2026-08-09T21:21:04.439093Z
  Time since last request: 0.0005808 seconds.
  importAddress: GUID: eb23d0f0fa565784aabb15fd3408a401 - Path: Assets/Resources/Armies/Models/Custodes/TexturePool/httpssteamusercontentaakamaihdnetugc13503376855967707728CD49B576E920E3F6A5B860654038705B1A3E557F.jpg - Importer: ScriptedImporter/UnityEditor.QuickSearchModule:UnityEditor.Search:ASIAI0B
Importing 'GUID: eb23d0f0fa565784aabb15fd3408a401 - Path: Assets/Resources/Armies/Models/Custodes/TexturePool/httpssteamusercontentaakamaihdnetugc13503376855967707728CD49B576E920E3F6A5B860654038705B1A3E557F.jpg - Importer: ScriptedImporter/UnityEditor.QuickSearchModule:UnityEditor.Search:ASIAI0B' with importer (ScriptedImporter : UnityEditor.QuickSearchModule:UnityEditor.Search:ASIAI0B)
Imported 'GUID: eb23d0f0fa565784aabb15fd3408a401' -> (Import Result ID: '9b42d57ee408352ee2b44425552be717') in 0.020 seconds [static and dynamic dependencies]. Details - ImportResultOutputID=b58cd1c07532aea705c3ba97065137ed DependenciesID=fbd4a1eaab8605d15413ce3271f3cc08 StaticDependenciesID=518513312357c43fef4aa1c421b50c63 
Number of updated asset objects reloaded before import = 0
Number of asset objects unloaded after import = 1
========================================================================
Received Import Request.
  Time of request: 2026-08-09T21:21:04.4605375Z
  Time since last request: 0.0005529 seconds.
  importAddress: GUID: 014b09515e618464fb6f6f86195be753 - Path: Assets/Resources/Armies/Models/Custodes/TexturePool/httpssteamusercontentaakamaihdnetugc17817311257201378220F77E73971595CE2A34BA5763EB0A3AA004675AF.jpg - Importer: ScriptedImporter/UnityEditor.QuickSearchModule:UnityEditor.Search:ASIAI0B
Importing 'GUID: 014b09515e618464fb6f6f86195be753 - Path: Assets/Resources/Armies/Models/Custodes/TexturePool/httpssteamusercontentaakamaihdnetugc17817311257201378220F77E73971595CE2A34BA5763EB0A3AA004675AF.jpg - Importer: ScriptedImporter/UnityEditor.QuickSearchModule:UnityEditor.Search:ASIAI0B' with importer (ScriptedImporter : UnityEditor.QuickSearchModule:UnityEditor.Search:ASIAI0B)
Imported 'GUID: 014b09515e618464fb6f6f86195be753' -> (Import Result ID: '60703c8aa30125eb74e5f9a8d3ca80b5') in 0.020 seconds [static and dynamic dependencies]. Details - ImportResultOutputID=ec70465354656630c19f7c1985993720 DependenciesID=2e1cbb01cb87387f6f3af9a1385e33f4 StaticDependenciesID=48307c377bc4b04d62f234bda98e5cef 
Number of updated asset objects reloaded before import = 0
Number of asset objects unloaded after import = 1
========================================================================
Received Import Request.
  Time of request: 2026-08-09T21:21:04.4817826Z
  Time since last request: 0.0006718 seconds.
  importAddress: GUID: b7932b0fbc32bd647ac156bf589ec1cd - Path: Assets/Resources/Armies/Models/Custodes/ModelPool/httpssteamusercontentaakamaihdnetugc17531329397109570912F1A7752577E4A2F4FA08EAC7A3248CBCA1469396.obj - Importer: ScriptedImporter/UnityEditor.QuickSearchModule:UnityEditor.Search:ASIAI0B
Importing 'GUID: b7932b0fbc32bd647ac156bf589ec1cd - Path: Assets/Resources/Armies/Models/Custodes/ModelPool/httpssteamusercontentaakamaihdnetugc17531329397109570912F1A7752577E4A2F4FA08EAC7A3248CBCA1469396.obj - Importer: ScriptedImporter/UnityEditor.QuickSearchModule:UnityEditor.Search:ASIAI0B' with importer (ScriptedImporter : UnityEditor.QuickSearchModule:UnityEditor.Search:ASIAI0B)
Imported 'GUID: b7932b0fbc32bd647ac156bf589ec1cd' -> (Import Result ID: 'fcb7e37852f42aa6f6831b8be0a128d0') in 0.025 seconds [static and dynamic dependencies]. Details - ImportResultOutputID=b825868a692773d27e81a41ef4063b02 DependenciesID=5cee9f8f199a7d0c059a6d1491410e65 StaticDependenciesID=c7f9d023a934018776653dd2393802d1 
Number of updated asset objects reloaded before import = 0
Number of asset objects unloaded after import = 10
========================================================================
Received Import Request.
  Time of request: 2026-08-09T21:21:04.5081453Z
  Time since last request: 0.0007552 seconds.
  importAddress: GUID: dd302b2bba720c3438365b538b909e6d - Path: Assets/Resources/Armies/Models/Custodes/ModelPool/httpssteamusercontentaakamaihdnetugc144722961778971426133500E24BC2A35D35D867624A0DD0194143EEE101.obj - Importer: ScriptedImporter/UnityEditor.QuickSearchModule:UnityEditor.Search:ASIAI0B
Importing 'GUID: dd302b2bba720c3438365b538b909e6d - Path: Assets/Resources/Armies/Models/Custodes/ModelPool/httpssteamusercontentaakamaihdnetugc144722961778971426133500E24BC2A35D35D867624A0DD0194143EEE101.obj - Importer: ScriptedImporter/UnityEditor.QuickSearchModule:UnityEditor.Search:ASIAI0B' with importer (ScriptedImporter : UnityEditor.QuickSearchModule:UnityEditor.Search:ASIAI0B)
Imported 'GUID: dd302b2bba720c3438365b538b909e6d' -> (Import Result ID: '9f6964f90710d8bcb75d63bba68dd467') in 0.021 seconds [static and dynamic dependencies]. Details - ImportResultOutputID=6a6c161c2dbcb7fbe244f1d31484641c DependenciesID=c79f3b4db758cfa26bc30880097c5088 StaticDependenciesID=47dfc913f88c8cfc57fabf21ce6ed218 
Number of updated asset objects reloaded before import = 0
Number of asset objects unloaded after import = 10
========================================================================
Received Import Request.
  Time of request: 2026-08-09T21:21:04.5303462Z
  Time since last request: 0.0005324 seconds.
  importAddress: GUID: 4cdbd4140bef6cc48b702301715da785 - Path: Assets/Resources/Armies/Models/Custodes/ModelPool/httpssteamusercontentaakamaihdnetugc10791705628407015FA230CFE7522E798766A38F0A6B424D86B770105.obj - Importer: ScriptedImporter/UnityEditor.QuickSearchModule:UnityEditor.Search:ASIAI0B
Importing 'GUID: 4cdbd4140bef6cc48b702301715da785 - Path: Assets/Resources/Armies/Models/Custodes/ModelPool/httpssteamusercontentaakamaihdnetugc10791705628407015FA230CFE7522E798766A38F0A6B424D86B770105.obj - Importer: ScriptedImporter/UnityEditor.QuickSearchModule:UnityEditor.Search:ASIAI0B' with importer (ScriptedImporter : UnityEditor.QuickSearchModule:UnityEditor.Search:ASIAI0B)
Imported 'GUID: 4cdbd4140bef6cc48b702301715da785' -> (Import Result ID: '0c7e310e5e8392e8d5869b8a70895558') in 0.022 seconds [static and dynamic dependencies]. Details - ImportResultOutputID=67bb2a54feb4882bf91bdc2bb07a3aa1 DependenciesID=b307e64fa52ebcb0596243070f1b8555 StaticDependenciesID=a6cc6f655cf155bcf1b125c209c333bc 
Number of updated asset objects reloaded before import = 0
Number of asset objects unloaded after import = 10
========================================================================
Received Import Request.
  Time of request: 2026-08-09T21:21:04.5532932Z
  Time since last request: 0.0007423 seconds.
  importAddress: GUID: 4d27b1918af277d4c95c93c161d49133 - Path: Assets/Resources/Armies/Models/Custodes/ModelPool/httpssteamusercontentaakamaihdnetugc201034944349787432301F25FB005155F6BC7FAF2B9C7D22C86368E1071.obj - Importer: ScriptedImporter/UnityEditor.QuickSearchModule:UnityEditor.Search:ASIAI0B
Importing 'GUID: 4d27b1918af277d4c95c93c161d49133 - Path: Assets/Resources/Armies/Models/Custodes/ModelPool/httpssteamusercontentaakamaihdnetugc201034944349787432301F25FB005155F6BC7FAF2B9C7D22C86368E1071.obj - Importer: ScriptedImporter/UnityEditor.QuickSearchModule:UnityEditor.Search:ASIAI0B' with importer (ScriptedImporter : UnityEditor.QuickSearchModule:UnityEditor.Search:ASIAI0B)
Imported 'GUID: 4d27b1918af277d4c95c93c161d49133' -> (Import Result ID: '572cf49164e1dce257cdfb5527fa5172') in 0.020 seconds [static and dynamic dependencies]. Details - ImportResultOutputID=b4f75c0692c92e05a63deb023b21e547 DependenciesID=2e64d57adcfe1b5f89abcf4922698e6d StaticDependenciesID=2d54a7e19af7f8a4c5db31e54742e68f 
Number of updated asset objects reloaded before import = 0
Number of asset objects unloaded after import = 10
========================================================================
Received Import Request.
  Time of request: 2026-08-09T21:21:04.5743162Z
  Time since last request: 0.0005614 seconds.
  importAddress: GUID: b553a86a8bfd56344b9813f75f3ddc37 - Path: Assets/Resources/Armies/Models/Custodes/ModelPool/httpssteamusercontentaakamaihdnetugc2380801904436850616FC796FBC5B3888A7B9B6A3FF54B8A8CEDBA6BE45.obj - Importer: ScriptedImporter/UnityEditor.QuickSearchModule:UnityEditor.Search:ASIAI0B
Importing 'GUID: b553a86a8bfd56344b9813f75f3ddc37 - Path: Assets/Resources/Armies/Models/Custodes/ModelPool/httpssteamusercontentaakamaihdnetugc2380801904436850616FC796FBC5B3888A7B9B6A3FF54B8A8CEDBA6BE45.obj - Importer: ScriptedImporter/UnityEditor.QuickSearchModule:UnityEditor.Search:ASIAI0B' with importer (ScriptedImporter : UnityEditor.QuickSearchModule:UnityEditor.Search:ASIAI0B)
Imported 'GUID: b553a86a8bfd56344b9813f75f3ddc37' -> (Import Result ID: 'f815fa9f25303835c4220eb1865161af') in 0.017 seconds [static and dynamic dependencies]. Details - ImportResultOutputID=61f23ee01a466aa6c67c7dc662e1f048 DependenciesID=b1f7bc7c60f12fbd2569acca69d4b526 StaticDependenciesID=60204ac50f5ac2378aa569fb7d418f7c 
Number of updated asset objects reloaded before import = 0
Number of asset objects unloaded after import = 10
========================================================================
Received Import Request.
  Time of request: 2026-08-09T21:21:04.5925463Z
  Time since last request: 0.0004287 seconds.
  importAddress: GUID: 6b9dba61aac949d4b8f35677c9c722fd - Path: Assets/Resources/Armies/Models/Custodes/TexturePool/httpssteamusercontentaakamaihdnetugc31069949141769372A60CF003ACA1F8178573BFEB60FDC66FA3F08992.jpg - Importer: ScriptedImporter/UnityEditor.QuickSearchModule:UnityEditor.Search:ASIAI0B
Importing 'GUID: 6b9dba61aac949d4b8f35677c9c722fd - Path: Assets/Resources/Armies/Models/Custodes/TexturePool/httpssteamusercontentaakamaihdnetugc31069949141769372A60CF003ACA1F8178573BFEB60FDC66FA3F08992.jpg - Importer: ScriptedImporter/UnityEditor.QuickSearchModule:UnityEditor.Search:ASIAI0B' with importer (ScriptedImporter : UnityEditor.QuickSearchModule:UnityEditor.Search:ASIAI0B)
Imported 'GUID: 6b9dba61aac949d4b8f35677c9c722fd' -> (Import Result ID: 'e0d5482f4e9dbb549f24571a33cd0e03') in 0.023 seconds [static and dynamic dependencies]. Details - ImportResultOutputID=608f09718ee0cce0769a50160ebfeca5 DependenciesID=dd9da1dccb3b64a4f126a326a1568ecc StaticDependenciesID=2616ee903601acde2cc529a5cf8ae50a 
Number of updated asset objects reloaded before import = 0
Number of asset objects unloaded after import = 1
========================================================================
Received Import Request.
  Time of request: 2026-08-09T21:21:04.6169748Z
  Time since last request: 0.000753 seconds.
  importAddress: GUID: 90966d57d0d4caf4ebbbda62e744b24d - Path: Assets/Resources/Armies/Models/Custodes/TexturePool/httpssteamusercontentaakamaihdnetugc1029580186709972353BD4C48310E2F701508F4A786C0C72DDD66461C7A.jpg - Importer: ScriptedImporter/UnityEditor.QuickSearchModule:UnityEditor.Search:ASIAI0B
Importing 'GUID: 90966d57d0d4caf4ebbbda62e744b24d - Path: Assets/Resources/Armies/Models/Custodes/TexturePool/httpssteamusercontentaakamaihdnetugc1029580186709972353BD4C48310E2F701508F4A786C0C72DDD66461C7A.jpg - Importer: ScriptedImporter/UnityEditor.QuickSearchModule:UnityEditor.Search:ASIAI0B' with importer (ScriptedImporter : UnityEditor.QuickSearchModule:UnityEditor.Search:ASIAI0B)
Imported 'GUID: 90966d57d0d4caf4ebbbda62e744b24d' -> (Import Result ID: '1d0c07a922d202289db5d08bc2284e13') in 0.021 seconds [static and dynamic dependencies]. Details - ImportResultOutputID=4ec0ccf396bf4661fdc44a111d862192 DependenciesID=a3b1a0b25c8bc9b78e683efad087e799 StaticDependenciesID=a4ddbdc7df1362ad033215044cee3d88 
Number of updated asset objects reloaded before import = 0
Number of asset objects unloaded after import = 1
========================================================================
Received Import Request.
  Time of request: 2026-08-09T21:21:04.6392696Z
  Time since last request: 0.0008078 seconds.
  importAddress: GUID: ba3b0b73d12c9824f982402d77b24539 - Path: Assets/Resources/Armies/Models/Custodes/ModelPool/httpssteamusercontentaakamaihdnetugc141540768619893704124D8F25E0312AA912A2334EEC06096D4254120912.obj - Importer: ScriptedImporter/UnityEditor.QuickSearchModule:UnityEditor.Search:ASIAI0B
Importing 'GUID: ba3b0b73d12c9824f982402d77b24539 - Path: Assets/Resources/Armies/Models/Custodes/ModelPool/httpssteamusercontentaakamaihdnetugc141540768619893704124D8F25E0312AA912A2334EEC06096D4254120912.obj - Importer: ScriptedImporter/UnityEditor.QuickSearchModule:UnityEditor.Search:ASIAI0B' with importer (ScriptedImporter : UnityEditor.QuickSearchModule:UnityEditor.Search:ASIAI0B)
Imported 'GUID: ba3b0b73d12c9824f982402d77b24539' -> (Import Result ID: '922dffb37d166e704b568b0b9d7eb660') in 0.019 seconds [static and dynamic dependencies]. Details - ImportResultOutputID=725c34cd991b2eaa7bf643f821a47b52 DependenciesID=d531bbd926019673f6dba023f7abf509 StaticDependenciesID=8b670bfb44520b35722616d1188eca03 
Number of updated asset objects reloaded before import = 0
Number of asset objects unloaded after import = 10
========================================================================
Received Import Request.
  Time of request: 2026-08-09T21:21:04.6591732Z
  Time since last request: 0.000734 seconds.
  importAddress: GUID: 56ba0d8cf237e6e4ea9fd56c8e418360 - Path: Assets/Resources/Armies/Models/Custodes/ModelPool/httpssteamusercontentaakamaihdnetugc9750579273913085057E7F833123BB44774C8D4358C319E06AAE79EDBA8.obj - Importer: ScriptedImporter/UnityEditor.QuickSearchModule:UnityEditor.Search:ASIAI0B
Importing 'GUID: 56ba0d8cf237e6e4ea9fd56c8e418360 - Path: Assets/Resources/Armies/Models/Custodes/ModelPool/httpssteamusercontentaakamaihdnetugc9750579273913085057E7F833123BB44774C8D4358C319E06AAE79EDBA8.obj - Importer: ScriptedImporter/UnityEditor.QuickSearchModule:UnityEditor.Search:ASIAI0B' with importer (ScriptedImporter : UnityEditor.QuickSearchModule:UnityEditor.Search:ASIAI0B)
Imported 'GUID: 56ba0d8cf237e6e4ea9fd56c8e418360' -> (Import Result ID: '51c68fab45f8edb06c7926521caa50a5') in 0.015 seconds [static and dynamic dependencies]. Details - ImportResultOutputID=ed6f8fef74b42d0a2389b4d895acd089 DependenciesID=54751d9cf03c366f06711abc27e3688f StaticDependenciesID=8762c1a19fead9df82195fe32ece6769 
Number of updated asset objects reloaded before import = 0
Number of asset objects unloaded after import = 10
========================================================================
Received Import Request.
  Time of request: 2026-08-09T21:21:04.675649Z
  Time since last request: 0.0003823 seconds.
  importAddress: GUID: 040bca81f0acfc54db7f0cf8dd9d1dee - Path: Assets/Resources/Armies/Models/Custodes/TexturePool/httpssteamusercontentaakamaihdnetugc12645141954097003512D6F53B15A17B970A40BF67063F2436B025A700CB.jpg - Importer: ScriptedImporter/UnityEditor.QuickSearchModule:UnityEditor.Search:ASIAI0B
Importing 'GUID: 040bca81f0acfc54db7f0cf8dd9d1dee - Path: Assets/Resources/Armies/Models/Custodes/TexturePool/httpssteamusercontentaakamaihdnetugc12645141954097003512D6F53B15A17B970A40BF67063F2436B025A700CB.jpg - Importer: ScriptedImporter/UnityEditor.QuickSearchModule:UnityEditor.Search:ASIAI0B' with importer (ScriptedImporter : UnityEditor.QuickSearchModule:UnityEditor.Search:ASIAI0B)
Imported 'GUID: 040bca81f0acfc54db7f0cf8dd9d1dee' -> (Import Result ID: 'da7297b3a2fa1e830cfdd59f92db2cef') in 0.024 seconds [static and dynamic dependencies]. Details - ImportResultOutputID=ac16152deab173db381a0928f29122dc DependenciesID=f80b7212184b06bce1f28e5d5056d053 StaticDependenciesID=3ed66c44ab154219756c2e295b20e63f 
Number of updated asset objects reloaded before import = 0
Number of asset objects unloaded after import = 1
========================================================================
Received Import Request.
  Time of request: 2026-08-09T21:21:04.701187Z
  Time since last request: 0.000706 seconds.
  importAddress: GUID: c6e54ddbaa475744ba9992a8be3ff36d - Path: Assets/Resources/Armies/Models/Custodes/TexturePool/httpssteamusercontentaakamaihdnetugc10791705628416087D6161A6E23CBBA37DA828E26A9A6CC637CB45D48.jpg - Importer: ScriptedImporter/UnityEditor.QuickSearchModule:UnityEditor.Search:ASIAI0B
Importing 'GUID: c6e54ddbaa475744ba9992a8be3ff36d - Path: Assets/Resources/Armies/Models/Custodes/TexturePool/httpssteamusercontentaakamaihdnetugc10791705628416087D6161A6E23CBBA37DA828E26A9A6CC637CB45D48.jpg - Importer: ScriptedImporter/UnityEditor.QuickSearchModule:UnityEditor.Search:ASIAI0B' with importer (ScriptedImporter : UnityEditor.QuickSearchModule:UnityEditor.Search:ASIAI0B)
Imported 'GUID: c6e54ddbaa475744ba9992a8be3ff36d' -> (Import Result ID: 'bb47507cfb39a3627e3acae4d62965f4') in 0.021 seconds [static and dynamic dependencies]. Details - ImportResultOutputID=49afd667b2b14735c43f7c51c531127f DependenciesID=6a25bf9263d17d00c43fb870838b4dd7 StaticDependenciesID=195aa5b4cab3c4fac4eea12fea32ddd2 
Number of updated asset objects reloaded before import = 0
Number of asset objects unloaded after import = 1
========================================================================
Received Import Request.
  Time of request: 2026-08-09T21:21:04.723613Z
  Time since last request: 0.0008846 seconds.
  importAddress: GUID: 3ba19f866964bd542a73f240f6c73926 - Path: Assets/Resources/Armies/Models/Custodes/ModelPool/httpssteamusercontentaakamaihdnetugc2010349443497872570D8997A276148B46EA09D17DC0B01365DF219C9D7.obj - Importer: ScriptedImporter/UnityEditor.QuickSearchModule:UnityEditor.Search:ASIAI0B
Importing 'GUID: 3ba19f866964bd542a73f240f6c73926 - Path: Assets/Resources/Armies/Models/Custodes/ModelPool/httpssteamusercontentaakamaihdnetugc2010349443497872570D8997A276148B46EA09D17DC0B01365DF219C9D7.obj - Importer: ScriptedImporter/UnityEditor.QuickSearchModule:UnityEditor.Search:ASIAI0B' with importer (ScriptedImporter : UnityEditor.QuickSearchModule:UnityEditor.Search:ASIAI0B)
Imported 'GUID: 3ba19f866964bd542a73f240f6c73926' -> (Import Result ID: 'c5d09fd8474fca27854e226ea0eed053') in 0.022 seconds [static and dynamic dependencies]. Details - ImportResultOutputID=d2200bd7f8f6b666ad19389d22e119ec DependenciesID=a459d5c6fd2cc8eeaaa57eb995c3ca36 StaticDependenciesID=039d49e0fcff4fae3ea022481597de01 
Number of updated asset objects reloaded before import = 0
Number of asset objects unloaded after import = 10
========================================================================
Received Import Request.
  Time of request: 2026-08-09T21:21:04.7468873Z
  Time since last request: 0.0005611 seconds.
  importAddress: GUID: 8886274b149acb8428d98c9f2b2ced4d - Path: Assets/Resources/Armies/Models/Custodes/ModelPool/httpssteamusercontentaakamaihdnetugc10789802627851117FE6ED8BB990247BB2609789E652B416BA952B756.obj - Importer: ScriptedImporter/UnityEditor.QuickSearchModule:UnityEditor.Search:ASIAI0B
Importing 'GUID: 8886274b149acb8428d98c9f2b2ced4d - Path: Assets/Resources/Armies/Models/Custodes/ModelPool/httpssteamusercontentaakamaihdnetugc10789802627851117FE6ED8BB990247BB2609789E652B416BA952B756.obj - Importer: ScriptedImporter/UnityEditor.QuickSearchModule:UnityEditor.Search:ASIAI0B' with importer (ScriptedImporter : UnityEditor.QuickSearchModule:UnityEditor.Search:ASIAI0B)
Imported 'GUID: 8886274b149acb8428d98c9f2b2ced4d' -> (Import Result ID: 'df0de947c60e9302c679d6b3d6c7f2c8') in 0.016 seconds [static and dynamic dependencies]. Details - ImportResultOutputID=b7c379d7b8d390fe55e549054c8cf4f5 DependenciesID=70df42b95d92c05abdef06523cd823d2 StaticDependenciesID=0beac5f4f9785f4a66fd1f34a549db21 
Number of updated asset objects reloaded before import = 0
Number of asset objects unloaded after import = 10
========================================================================
Received Import Request.
  Time of request: 2026-08-09T21:21:04.7642933Z
  Time since last request: 0.0004612 seconds.
  importAddress: GUID: 1a93756c22a37c14aa110840fbff07c9 - Path: Assets/Resources/Armies/Models/Custodes/ModelPool/httpssteamusercontentaakamaihdnetugc2380801904436849391F3D920928B087659CD675E68F3808D84C6D362FF.obj - Importer: ScriptedImporter/UnityEditor.QuickSearchModule:UnityEditor.Search:ASIAI0B
Importing 'GUID: 1a93756c22a37c14aa110840fbff07c9 - Path: Assets/Resources/Armies/Models/Custodes/ModelPool/httpssteamusercontentaakamaihdnetugc2380801904436849391F3D920928B087659CD675E68F3808D84C6D362FF.obj - Importer: ScriptedImporter/UnityEditor.QuickSearchModule:UnityEditor.Search:ASIAI0B' with importer (ScriptedImporter : UnityEditor.QuickSearchModule:UnityEditor.Search:ASIAI0B)
Imported 'GUID: 1a93756c22a37c14aa110840fbff07c9' -> (Import Result ID: '3f9fa9deef7d4fe588f061ebb2ed625b') in 0.019 seconds [static and dynamic dependencies]. Details - ImportResultOutputID=7f5410baecad5ebbd929e514ea1834f1 DependenciesID=2dfd19ca61e7a18dc39313015ada3aa9 StaticDependenciesID=a9573c1f2fef00054c21736f3054f120 
Number of updated asset objects reloaded before import = 0
Number of asset objects unloaded after import = 10
========================================================================
Received Import Request.
  Time of request: 2026-08-09T21:21:04.7839676Z
  Time since last request: 0.0005749 seconds.
  importAddress: GUID: 79cd9ee87795f8644be94611a5e72898 - Path: Assets/Resources/Armies/Models/Custodes/TexturePool/httpssteamusercontentaakamaihdnetugc12261043242531130365F6AD0461AE779069EBB62FAF67867B92E7BC8BE1.jpg - Importer: ScriptedImporter/UnityEditor.QuickSearchModule:UnityEditor.Search:ASIAI0B
Importing 'GUID: 79cd9ee87795f8644be94611a5e72898 - Path: Assets/Resources/Armies/Models/Custodes/TexturePool/httpssteamusercontentaakamaihdnetugc12261043242531130365F6AD0461AE779069EBB62FAF67867B92E7BC8BE1.jpg - Importer: ScriptedImporter/UnityEditor.QuickSearchModule:UnityEditor.Search:ASIAI0B' with importer (ScriptedImporter : UnityEditor.QuickSearchModule:UnityEditor.Search:ASIAI0B)
Imported 'GUID: 79cd9ee87795f8644be94611a5e72898' -> (Import Result ID: '8f2f625d9722b3e7443b7454fa456ae2') in 0.018 seconds [static and dynamic dependencies]. Details - ImportResultOutputID=8e4fc04e5c72ad7f39b8cdcfa68fd2da DependenciesID=18e7658c7f3d7b2f85031e1ece880d0e StaticDependenciesID=a25e070da662a471fe688d75c6bad663 
Number of updated asset objects reloaded before import = 0
Number of asset objects unloaded after import = 1
========================================================================
Received Import Request.
  Time of request: 2026-08-09T21:21:04.8036859Z
  Time since last request: 0.0008213 seconds.
  importAddress: GUID: 21d1d24c95aac1e4cbfb328d17e51d61 - Path: Assets/Resources/Armies/Models/Custodes/TexturePool/httpssteamusercontentaakamaihdnetugc110544324588304516533EB2FA0A3579DD5B3BECA9EB9CA641537C8FF5D6.jpg - Importer: ScriptedImporter/UnityEditor.QuickSearchModule:UnityEditor.Search:ASIAI0B
Importing 'GUID: 21d1d24c95aac1e4cbfb328d17e51d61 - Path: Assets/Resources/Armies/Models/Custodes/TexturePool/httpssteamusercontentaakamaihdnetugc110544324588304516533EB2FA0A3579DD5B3BECA9EB9CA641537C8FF5D6.jpg - Importer: ScriptedImporter/UnityEditor.QuickSearchModule:UnityEditor.Search:ASIAI0B' with importer (ScriptedImporter : UnityEditor.QuickSearchModule:UnityEditor.Search:ASIAI0B)
Imported 'GUID: 21d1d24c95aac1e4cbfb328d17e51d61' -> (Import Result ID: 'ba426b35bca144ac5aac35e07280e588') in 0.020 seconds [static and dynamic dependencies]. Details - ImportResultOutputID=6dcfabb4a345a5cbd8ba9b3bb895c915 DependenciesID=6e6abc91f73c25a0be580301cfc7100d StaticDependenciesID=d696d2cb1116634b984fb56e402fde15 
Number of updated asset objects reloaded before import = 0
Number of asset objects unloaded after import = 1
========================================================================
Received Import Request.
  Time of request: 2026-08-09T21:21:04.8248477Z
  Time since last request: 0.0006515 seconds.
  importAddress: GUID: 31cc98d72fc27fe45a9e8d8033e2dcff - Path: Assets/Resources/Armies/Models/Custodes/TexturePool/httpssteamusercontentaakamaihdnetugc14561935396444137599CFFB5670D34C7FF39CC863A6B9D66B4D81351FCF.jpg - Importer: ScriptedImporter/UnityEditor.QuickSearchModule:UnityEditor.Search:ASIAI0B
Importing 'GUID: 31cc98d72fc27fe45a9e8d8033e2dcff - Path: Assets/Resources/Armies/Models/Custodes/TexturePool/httpssteamusercontentaakamaihdnetugc14561935396444137599CFFB5670D34C7FF39CC863A6B9D66B4D81351FCF.jpg - Importer: ScriptedImporter/UnityEditor.QuickSearchModule:UnityEditor.Search:ASIAI0B' with importer (ScriptedImporter : UnityEditor.QuickSearchModule:UnityEditor.Search:ASIAI0B)
Imported 'GUID: 31cc98d72fc27fe45a9e8d8033e2dcff' -> (Import Result ID: '2153ef2a613e99d8e6c3eea185618c64') in 0.020 seconds [static and dynamic dependencies]. Details - ImportResultOutputID=42395a60dec8acde34b9364b074b2cd3 DependenciesID=ec07e34f6e73fcd9eef97ac4bd303bd9 StaticDependenciesID=5a78c676b1d81a2364af6d0cc83832c6 
Number of updated asset objects reloaded before import = 0
Number of asset objects unloaded after import = 1
========================================================================
Received Import Request.
  Time of request: 2026-08-09T21:21:04.8460631Z
  Time since last request: 0.000127 seconds.
  importAddress: GUID: ba615c4f9fdb19a4497704e0075e4bf5 - Path: Assets/Resources/Armies/Models/Custodes/ModelPool/httpssteamusercontentaakamaihdnetugc13001155980243478692F43F4C00FFCF25F9EB7B9C27E5ED82316FA0D42B.obj - Importer: ScriptedImporter/UnityEditor.QuickSearchModule:UnityEditor.Search:ASIAI0B
Importing 'GUID: ba615c4f9fdb19a4497704e0075e4bf5 - Path: Assets/Resources/Armies/Models/Custodes/ModelPool/httpssteamusercontentaakamaihdnetugc13001155980243478692F43F4C00FFCF25F9EB7B9C27E5ED82316FA0D42B.obj - Importer: ScriptedImporter/UnityEditor.QuickSearchModule:UnityEditor.Search:ASIAI0B' with importer (ScriptedImporter : UnityEditor.QuickSearchModule:UnityEditor.Search:ASIAI0B)
Imported 'GUID: ba615c4f9fdb19a4497704e0075e4bf5' -> (Import Result ID: '10dc856f0c6ef1e342d36a9aca0534a2') in 0.025 seconds [static and dynamic dependencies]. Details - ImportResultOutputID=0e5c2957d373988fa15d83f0b94fc1b6 DependenciesID=89b3da6875774ef65a8894dad5068e43 StaticDependenciesID=e2ac5ce6abe06e744573a9bdc8cf0626 
Number of updated asset objects reloaded before import = 0
Number of asset objects unloaded after import = 10
========================================================================
Received Import Request.
  Time of request: 2026-08-09T21:21:04.8722605Z
  Time since last request: 0.0005703 seconds.
  importAddress: GUID: 894f9e2c4daad33419578313d5d9fe15 - Path: Assets/Resources/Armies/Models/Custodes/TexturePool/httpssteamusercontentaakamaihdnetugc16536678139503611559943E96A4A825EBE9DACA71013358797940BFA62E.jpg - Importer: ScriptedImporter/UnityEditor.QuickSearchModule:UnityEditor.Search:ASIAI0B
Importing 'GUID: 894f9e2c4daad33419578313d5d9fe15 - Path: Assets/Resources/Armies/Models/Custodes/TexturePool/httpssteamusercontentaakamaihdnetugc16536678139503611559943E96A4A825EBE9DACA71013358797940BFA62E.jpg - Importer: ScriptedImporter/UnityEditor.QuickSearchModule:UnityEditor.Search:ASIAI0B' with importer (ScriptedImporter : UnityEditor.QuickSearchModule:UnityEditor.Search:ASIAI0B)
Imported 'GUID: 894f9e2c4daad33419578313d5d9fe15' -> (Import Result ID: 'd5a3ef4f37181fb68f6121b88faf2f40') in 0.022 seconds [static and dynamic dependencies]. Details - ImportResultOutputID=6b59a9bad72cf30a40a76d351a00d577 DependenciesID=2edeb58788833a6c10b905d5f4edc003 StaticDependenciesID=be11c9ce64477b2e678334613703009a 
Number of updated asset objects reloaded before import = 0
Number of asset objects unloaded after import = 1
========================================================================
Received Import Request.
  Time of request: 2026-08-09T21:21:04.8954524Z
  Time since last request: 0.0006613 seconds.
  importAddress: GUID: d57bce6bf0b630a44a487f7346b68128 - Path: Assets/Scripts/Core/CustodesModelPackResolver.cs - Importer: ScriptedImporter/UnityEditor.QuickSearchModule:UnityEditor.Search:ASIAI0B
Importing 'GUID: d57bce6bf0b630a44a487f7346b68128 - Path: Assets/Scripts/Core/CustodesModelPackResolver.cs - Importer: ScriptedImporter/UnityEditor.QuickSearchModule:UnityEditor.Search:ASIAI0B' with importer (ScriptedImporter : UnityEditor.QuickSearchModule:UnityEditor.Search:ASIAI0B)
Imported 'GUID: d57bce6bf0b630a44a487f7346b68128' -> (Import Result ID: 'bbc029ed1da60ea4435915c81540bb56') in 0.015 seconds [static and dynamic dependencies]. Details - ImportResultOutputID=839e64cc7777ed9228fcfe2aa7ed396b DependenciesID=f9dc83fb038b1accf2696ea25b93ebf4 StaticDependenciesID=e66754b2a8e34a1fb9f83caf85f7c9a1 
Number of updated asset objects reloaded before import = 0
Number of asset objects unloaded after import = 0
========================================================================
Received Import Request.
  Time of request: 2026-08-09T21:21:04.9117373Z
  Time since last request: 0.0004331 seconds.
  importAddress: GUID: 419244baf7cab0b499edcaa8206d19b3 - Path: Assets/Resources/Armies/Models/Custodes/ModelPool/httpssteamusercontentaakamaihdnetugc109883056726794776078054C64FD55E7DEC61E175653F8C59C2ECC56616.obj - Importer: ScriptedImporter/UnityEditor.QuickSearchModule:UnityEditor.Search:ASIAI0B
Importing 'GUID: 419244baf7cab0b499edcaa8206d19b3 - Path: Assets/Resources/Armies/Models/Custodes/ModelPool/httpssteamusercontentaakamaihdnetugc109883056726794776078054C64FD55E7DEC61E175653F8C59C2ECC56616.obj - Importer: ScriptedImporter/UnityEditor.QuickSearchModule:UnityEditor.Search:ASIAI0B' with importer (ScriptedImporter : UnityEditor.QuickSearchModule:UnityEditor.Search:ASIAI0B)
Imported 'GUID: 419244baf7cab0b499edcaa8206d19b3' -> (Import Result ID: '8c9950fbbd436530264323a42663c0bb') in 0.024 seconds [static and dynamic dependencies]. Details - ImportResultOutputID=4ee8479318f1a04eeea1f1aafcf98bf8 DependenciesID=3c65da70d535988755036b0f66e29bca StaticDependenciesID=bcd0d3a36ef056246268db98bdfd6eec 
Number of updated asset objects reloaded before import = 0
Number of asset objects unloaded after import = 10
========================================================================
Received Import Request.
  Time of request: 2026-08-09T21:21:04.9364405Z
  Time since last request: 0.0004547 seconds.
  importAddress: GUID: 8175e09768a7394479574c19d242449d - Path: Assets/Resources/Armies/Models/Custodes/ModelPool/httpssteamusercontentaakamaihdnetugc22850758152686968388D3547FE7D3D6BA7F273955BA954D7F61C13FB04.obj - Importer: ScriptedImporter/UnityEditor.QuickSearchModule:UnityEditor.Search:ASIAI0B
Importing 'GUID: 8175e09768a7394479574c19d242449d - Path: Assets/Resources/Armies/Models/Custodes/ModelPool/httpssteamusercontentaakamaihdnetugc22850758152686968388D3547FE7D3D6BA7F273955BA954D7F61C13FB04.obj - Importer: ScriptedImporter/UnityEditor.QuickSearchModule:UnityEditor.Search:ASIAI0B' with importer (ScriptedImporter : UnityEditor.QuickSearchModule:UnityEditor.Search:ASIAI0B)
Imported 'GUID: 8175e09768a7394479574c19d242449d' -> (Import Result ID: '7a16db6047f964726de47e1e2f0416da') in 0.020 seconds [static and dynamic dependencies]. Details - ImportResultOutputID=49dff9b1feda65d92dad1e3d05d3dbd5 DependenciesID=51503b7c0d6a6e93bddea9421c3f4685 StaticDependenciesID=1ab5c18f7115263123fee5a047280a92 
Number of updated asset objects reloaded before import = 0
Number of asset objects unloaded after import = 10
========================================================================
Received Import Request.
  Time of request: 2026-08-09T21:21:04.9576816Z
  Time since last request: 0.000701 seconds.
  importAddress: GUID: 385bdd73643e26844bb74cc4c138c3e9 - Path: Assets/Resources/Armies/Models/Custodes/ModelPool/httpssteamusercontentaakamaihdnetugc100139382505414373888F90437B42C17102A73FEA20628330A00AD02F5.obj - Importer: ScriptedImporter/UnityEditor.QuickSearchModule:UnityEditor.Search:ASIAI0B
Importing 'GUID: 385bdd73643e26844bb74cc4c138c3e9 - Path: Assets/Resources/Armies/Models/Custodes/ModelPool/httpssteamusercontentaakamaihdnetugc100139382505414373888F90437B42C17102A73FEA20628330A00AD02F5.obj - Importer: ScriptedImporter/UnityEditor.QuickSearchModule:UnityEditor.Search:ASIAI0B' with importer (ScriptedImporter : UnityEditor.QuickSearchModule:UnityEditor.Search:ASIAI0B)
Imported 'GUID: 385bdd73643e26844bb74cc4c138c3e9' -> (Import Result ID: '88199731ce29b82673e297f381cad31b') in 0.024 seconds [static and dynamic dependencies]. Details - ImportResultOutputID=41604f7fd01ac6f4fc638041c67ab433 DependenciesID=ef0a937aab1609900ca6ed228182645c StaticDependenciesID=6b462c40bae6875542e79c64adae25a4 
Number of updated asset objects reloaded before import = 0
Number of asset objects unloaded after import = 10
========================================================================
Received Import Request.
  Time of request: 2026-08-09T21:21:04.9827484Z
  Time since last request: 0.0007271 seconds.
  importAddress: GUID: f2d6747f5d91649459f6e62354b1a110 - Path: Assets/Resources/Armies/Models/Custodes/ModelPool/httpssteamusercontentaakamaihdnetugc1894353498566887001FE1D4769AD0E7C8A827436D0CAA8FCAB6D8D515F.obj - Importer: ScriptedImporter/UnityEditor.QuickSearchModule:UnityEditor.Search:ASIAI0B
Importing 'GUID: f2d6747f5d91649459f6e62354b1a110 - Path: Assets/Resources/Armies/Models/Custodes/ModelPool/httpssteamusercontentaakamaihdnetugc1894353498566887001FE1D4769AD0E7C8A827436D0CAA8FCAB6D8D515F.obj - Importer: ScriptedImporter/UnityEditor.QuickSearchModule:UnityEditor.Search:ASIAI0B' with importer (ScriptedImporter : UnityEditor.QuickSearchModule:UnityEditor.Search:ASIAI0B)
Imported 'GUID: f2d6747f5d91649459f6e62354b1a110' -> (Import Result ID: 'dfb018e3851d8acef25193cac5864f6c') in 0.020 seconds [static and dynamic dependencies]. Details - ImportResultOutputID=3be70cd8c038af67e8d2c214de78c1f2 DependenciesID=1d83315c2af0ff3a96deb60d0ae28307 StaticDependenciesID=bde6420933e13cec7da0f4e7f0aa5e96 
Number of updated asset objects reloaded before import = 0
Number of asset objects unloaded after import = 10
========================================================================
Received Import Request.
  Time of request: 2026-08-09T21:21:05.0050901Z
  Time since last request: 0.0007213 seconds.
  importAddress: GUID: f4e9a2eb148d9c4408de1979f3335ae8 - Path: Assets/Resources/Armies/Models/Custodes/TexturePool/httpssteamusercontentaakamaihdnetugc1078980262905596446AC497CB413C20FBECBFB633FFA847990335995.jpg - Importer: ScriptedImporter/UnityEditor.QuickSearchModule:UnityEditor.Search:ASIAI0B
Importing 'GUID: f4e9a2eb148d9c4408de1979f3335ae8 - Path: Assets/Resources/Armies/Models/Custodes/TexturePool/httpssteamusercontentaakamaihdnetugc1078980262905596446AC497CB413C20FBECBFB633FFA847990335995.jpg - Importer: ScriptedImporter/UnityEditor.QuickSearchModule:UnityEditor.Search:ASIAI0B' with importer (ScriptedImporter : UnityEditor.QuickSearchModule:UnityEditor.Search:ASIAI0B)
Imported 'GUID: f4e9a2eb148d9c4408de1979f3335ae8' -> (Import Result ID: 'd5080ce19f96b7f23b7a9df2d8247bba') in 0.017 seconds [static and dynamic dependencies]. Details - ImportResultOutputID=37cde79d7404bc5cfeed6a8125a8927a DependenciesID=e15c156e706909577bbc112a067098b4 StaticDependenciesID=e236c3a61e2548cbd9b17fc6593fb4c4 
Number of updated asset objects reloaded before import = 0
Number of asset objects unloaded after import = 1
========================================================================
Received Import Request.
  Time of request: 2026-08-09T21:21:05.0230248Z
  Time since last request: 0.0008357 seconds.
  importAddress: GUID: 0d47194cfaadced49aaa2a9485c61dec - Path: Assets/Resources/Armies/Models/Custodes/ModelPool/httpssteamusercontentaakamaihdnetugc12481717435481830880A865A574CE590B8DA162171FD6C437D527E8473F.obj - Importer: ScriptedImporter/UnityEditor.QuickSearchModule:UnityEditor.Search:ASIAI0B
Importing 'GUID: 0d47194cfaadced49aaa2a9485c61dec - Path: Assets/Resources/Armies/Models/Custodes/ModelPool/httpssteamusercontentaakamaihdnetugc12481717435481830880A865A574CE590B8DA162171FD6C437D527E8473F.obj - Importer: ScriptedImporter/UnityEditor.QuickSearchModule:UnityEditor.Search:ASIAI0B' with importer (ScriptedImporter : UnityEditor.QuickSearchModule:UnityEditor.Search:ASIAI0B)
Imported 'GUID: 0d47194cfaadced49aaa2a9485c61dec' -> (Import Result ID: '8253cbaa9434d5748ecbfecfe5022205') in 0.021 seconds [static and dynamic dependencies]. Details - ImportResultOutputID=90ab137cdbb5d5a6f8df59e3ca2b9701 DependenciesID=d7ac03a2340d0a5d881ec18930d61cfd StaticDependenciesID=f279b3fe5703100d276113d082e9e218 
Number of updated asset objects reloaded before import = 0
Number of asset objects unloaded after import = 10
========================================================================
Received Import Request.
  Time of request: 2026-08-09T21:21:05.0452607Z
  Time since last request: 0.0005886 seconds.
  importAddress: GUID: 83ab5b92240d75147b1f27a03d6ddc7c - Path: Assets/Resources/Armies/Models/Custodes/ModelPool/httpssteamusercontentaakamaihdnetugc177143862223268749947B5DE719C3F9896DE0029647B8630594AE59A4AC.obj - Importer: ScriptedImporter/UnityEditor.QuickSearchModule:UnityEditor.Search:ASIAI0B
Importing 'GUID: 83ab5b92240d75147b1f27a03d6ddc7c - Path: Assets/Resources/Armies/Models/Custodes/ModelPool/httpssteamusercontentaakamaihdnetugc177143862223268749947B5DE719C3F9896DE0029647B8630594AE59A4AC.obj - Importer: ScriptedImporter/UnityEditor.QuickSearchModule:UnityEditor.Search:ASIAI0B' with importer (ScriptedImporter : UnityEditor.QuickSearchModule:UnityEditor.Search:ASIAI0B)
Imported 'GUID: 83ab5b92240d75147b1f27a03d6ddc7c' -> (Import Result ID: '19e37e495ce6b92bed2567e1b723a0a3') in 0.024 seconds [static and dynamic dependencies]. Details - ImportResultOutputID=4b8db6c7ab0b8082709ccbb52671e2a4 DependenciesID=2fb3869daf51919eacb615dd0a95677c StaticDependenciesID=89c8480d262a44448e9f1607cffc8733 
Number of updated asset objects reloaded before import = 0
Number of asset objects unloaded after import = 10
========================================================================
Received Import Request.
  Time of request: 2026-08-09T21:21:05.0712814Z
  Time since last request: 0.0000335 seconds.
  importAddress: GUID: 453fbcc1a506b8f45b05e88d038219c4 - Path: Assets/Resources/Armies/Models/Custodes/ModelPool/httpssteamusercontentaakamaihdnetugc10789802627849091CCB1A670C2F8978A9CEBFFB0D9FA58754059217D.obj - Importer: ScriptedImporter/UnityEditor.QuickSearchModule:UnityEditor.Search:ASIAI0B
Importing 'GUID: 453fbcc1a506b8f45b05e88d038219c4 - Path: Assets/Resources/Armies/Models/Custodes/ModelPool/httpssteamusercontentaakamaihdnetugc10789802627849091CCB1A670C2F8978A9CEBFFB0D9FA58754059217D.obj - Importer: ScriptedImporter/UnityEditor.QuickSearchModule:UnityEditor.Search:ASIAI0B' with importer (ScriptedImporter : UnityEditor.QuickSearchModule:UnityEditor.Search:ASIAI0B)
Imported 'GUID: 453fbcc1a506b8f45b05e88d038219c4' -> (Import Result ID: 'e504e5e28059f78c4771e5f41bbfc717') in 0.019 seconds [static and dynamic dependencies]. Details - ImportResultOutputID=2be3d3863ae31b8d7e146e8ed633b0fe DependenciesID=2f04b28f926fca06080083d63df862a5 StaticDependenciesID=8d4600db11f61c5e13711b006856ea31 
Number of updated asset objects reloaded before import = 0
Number of asset objects unloaded after import = 10
========================================================================
Received Import Request.
  Time of request: 2026-08-09T21:21:05.0914229Z
  Time since last request: 0.0003155 seconds.
  importAddress: GUID: c9004ea54f05a7046af59be01c3a5aee - Path: Assets/Resources/Armies/Models/Custodes/TexturePool/httpssteamusercontentaakamaihdnetugc20103494434978730917313297BBA3BC181720C9D5C122B3B030FF2C288.jpg - Importer: ScriptedImporter/UnityEditor.QuickSearchModule:UnityEditor.Search:ASIAI0B
Importing 'GUID: c9004ea54f05a7046af59be01c3a5aee - Path: Assets/Resources/Armies/Models/Custodes/TexturePool/httpssteamusercontentaakamaihdnetugc20103494434978730917313297BBA3BC181720C9D5C122B3B030FF2C288.jpg - Importer: ScriptedImporter/UnityEditor.QuickSearchModule:UnityEditor.Search:ASIAI0B' with importer (ScriptedImporter : UnityEditor.QuickSearchModule:UnityEditor.Search:ASIAI0B)
Imported 'GUID: c9004ea54f05a7046af59be01c3a5aee' -> (Import Result ID: 'ce355a2712a179f6084ca5f3457a8890') in 0.018 seconds [static and dynamic dependencies]. Details - ImportResultOutputID=90f417de822ac7fc81eef64e8fee1b8c DependenciesID=5073378142c4544813a45ba639dc215a StaticDependenciesID=54d9bba7353f4d6095ec9235357d3eb1 
Number of updated asset objects reloaded before import = 0
Number of asset objects unloaded after import = 1
========================================================================
Received Import Request.
  Time of request: 2026-08-09T21:21:05.1107894Z
  Time since last request: 0.000774 seconds.
  importAddress: GUID: 24dc0f3375dc31445b1164481852efb4 - Path: Assets/Resources/Armies/Models/Custodes/TexturePool/httpssteamusercontentaakamaihdnetugc160418544166715580694522F52CB71B35CA00464224EB6BCE4D091BB9D3.jpg - Importer: ScriptedImporter/UnityEditor.QuickSearchModule:UnityEditor.Search:ASIAI0B
Importing 'GUID: 24dc0f3375dc31445b1164481852efb4 - Path: Assets/Resources/Armies/Models/Custodes/TexturePool/httpssteamusercontentaakamaihdnetugc160418544166715580694522F52CB71B35CA00464224EB6BCE4D091BB9D3.jpg - Importer: ScriptedImporter/UnityEditor.QuickSearchModule:UnityEditor.Search:ASIAI0B' with importer (ScriptedImporter : UnityEditor.QuickSearchModule:UnityEditor.Search:ASIAI0B)
Imported 'GUID: 24dc0f3375dc31445b1164481852efb4' -> (Import Result ID: '4715f007d0231de205606347678cbcaf') in 0.021 seconds [static and dynamic dependencies]. Details - ImportResultOutputID=97c64daba867d83a9e9a593d36e29e48 DependenciesID=4bf986fbc146de22452ea1d4f063e348 StaticDependenciesID=d27ea0868530e9400fa9225e8314fb69 
Number of updated asset objects reloaded before import = 0
Number of asset objects unloaded after import = 1
========================================================================
Received Import Request.
  Time of request: 2026-08-09T21:21:05.1331821Z
  Time since last request: 0.0013736 seconds.
  importAddress: GUID: 67f2285aaadbad544b4757aad5aa855a - Path: Assets/Resources/Armies/Models/Custodes/TexturePool/httpssteamusercontentaakamaihdnetugc98920990603425139580D9F389E4EE18E30F563E2D18689ABFB750B0FB8.jpg - Importer: ScriptedImporter/UnityEditor.QuickSearchModule:UnityEditor.Search:ASIAI0B
Importing 'GUID: 67f2285aaadbad544b4757aad5aa855a - Path: Assets/Resources/Armies/Models/Custodes/TexturePool/httpssteamusercontentaakamaihdnetugc98920990603425139580D9F389E4EE18E30F563E2D18689ABFB750B0FB8.jpg - Importer: ScriptedImporter/UnityEditor.QuickSearchModule:UnityEditor.Search:ASIAI0B' with importer (ScriptedImporter : UnityEditor.QuickSearchModule:UnityEditor.Search:ASIAI0B)
Imported 'GUID: 67f2285aaadbad544b4757aad5aa855a' -> (Import Result ID: 'e457130d83714da315971d6228c8d582') in 0.020 seconds [static and dynamic dependencies]. Details - ImportResultOutputID=26069237ac9719b7bdde036c2699158b DependenciesID=2e6607e8acafc9c197017b881a0b8b8d StaticDependenciesID=f89fa2fef252c89b91d21f0ef11429d5 
Number of updated asset objects reloaded before import = 0
Number of asset objects unloaded after import = 1
========================================================================
Received Import Request.
  Time of request: 2026-08-09T21:21:05.1540662Z
  Time since last request: 0.000242 seconds.
  importAddress: GUID: 70d55dc0c68186d4fa5f36980c190711 - Path: Assets/Resources/Armies/Models/Custodes/ModelPool/httpssteamusercontentaakamaihdnetugc1751307139248784144A7E6CFF4C43707E372C496E95E7C980EB9C5DD3F.obj - Importer: ScriptedImporter/UnityEditor.QuickSearchModule:UnityEditor.Search:ASIAI0B
Importing 'GUID: 70d55dc0c68186d4fa5f36980c190711 - Path: Assets/Resources/Armies/Models/Custodes/ModelPool/httpssteamusercontentaakamaihdnetugc1751307139248784144A7E6CFF4C43707E372C496E95E7C980EB9C5DD3F.obj - Importer: ScriptedImporter/UnityEditor.QuickSearchModule:UnityEditor.Search:ASIAI0B' with importer (ScriptedImporter : UnityEditor.QuickSearchModule:UnityEditor.Search:ASIAI0B)
Imported 'GUID: 70d55dc0c68186d4fa5f36980c190711' -> (Import Result ID: '9b4c1a75f3ca3ab8d92baddbf461375b') in 0.018 seconds [static and dynamic dependencies]. Details - ImportResultOutputID=f7e31c55d1cc35ea3db696880e5eaa2d DependenciesID=f4b76fe959b5a47c91b687ad98de1f15 StaticDependenciesID=c61aa22fff91a6b58a48ef05008361b5 
Number of updated asset objects reloaded before import = 0
Number of asset objects unloaded after import = 10
========================================================================
Received Prepare
AcceleratorClientConnectionCallback - disconnected - :0
Begin MonoManager ReloadAssembly
Native extension for WindowsStandalone target not found
Native extension for WebGL target not found
[Package Manager] Failed to launch server process. Reason: Unity was launched with the -noUpm command-line argument
[Package Manager] Unable to send message (not connected to server process).
[Package Manager] Cannot connect to Unity Package Manager local server
ScheduleIndexationOnStartup MainProcess:False IndexOnStartup:True
Mono: successfully reloaded assembly
- Finished resetting the current domain, in  0.603 seconds
Domain Reload Profiling: 1059ms
	BeginReloadAssembly (235ms)
		DisableScriptedObjects (13ms)
		CreateAndSetChildDomain (39ms)
	RebuildCommonClasses (13ms)
	RebuildNativeTypeToScriptingClass (23ms)
	initialDomainReloadingComplete (57ms)
	LoadAllAssembliesAndSetupDomain (125ms)
		LoadAssemblies (128ms)
		AnalyzeDomain (7ms)
			TypeCache.Refresh (4ms)
	FinalizeReload (606ms)
		SetupLoadedEditorAssemblies (0ms)
			InitializePlatformSupportModulesInManaged (3ms)
			BeforeProcessingInitializeOnLoad (143ms)
			ProcessInitializeOnLoadAttributes (110ms)
			ProcessInitializeOnLoadMethodAttributes (113ms)
			AfterProcessingInitializeOnLoad (9ms)
		AwakeInstancesAfterBackupRestoration (7ms)
Unloading 0 Unused Serialized files (Serialized files now loaded: 0)
Unloading 69 unused Assets / (1.0 KB). Loaded Objects now: 683.
Memory consumption went from 159.1 MB to 159.1 MB.
Total: 6.635400 ms (FindLiveObjects: 0.095100 ms CreateObjectMapping: 0.037200 ms MarkObjects: 6.417900 ms  DeleteObjects: 0.082200 ms)

Prepare: number of updated asset objects reloaded= 0
Editor requested this worker to shutdown with reason: Scaling down because of idle timeout
AcceleratorClientConnectionCallback - disconnected - :0
AssetImportWorker is now disconnected from the server
Process exiting
Exiting without the bug reporter. Application will terminate with return code 0